<?xml version="1.0" encoding="UTF-8"?>

<ps:Root
	xmlns:xsi="http://www.w3.org/2001/XMLSchema-instance"
	xmlns:ps="http://www.cdosuite.com/schemas/PortfolioSnapshot.xsd"
	xmlns:cdo="http://www.cdosuite.com/schemas"
	xmlns:cv="http://www.cdosuite.com/schemas/CustomValue.xsd"
	xmlns:lc="http://www.cdosuite.com/schemas/LookupCodes.xsd"
	xmlns:rt="http://www.cdosuite.com/schemas/Ratings.xsd"
	xsi:schemaLocation="http://www.cdosuite.com/schemas/PortfolioSnapshot.xsd PortfolioSnapshot.xsd"

>
	<cdo:BatchID>B1001</cdo:BatchID>
	<cdo:Identifiers>
		<cdo:Identifier>
			<cdo:ID>Commerce International Bank</cdo:ID>
			<cdo:Type>Issuer Common Name</cdo:Type>
		</cdo:Identifier>
	</cdo:Identifiers>
	<ps:CustomValueTypes>
		<ps:CustomValueType>
			<ps:Boolean>
				<cv:FieldName>Active</cv:FieldName>
				<cv:DisplayName>Active</cv:DisplayName>
				<cv:Description>Indicates whether item is active or not</cv:Description>
				<cv:UniqueIdentifier>false</cv:UniqueIdentifier>
				<cv:ReadOnly>false</cv:ReadOnly>
				<cv:AllowNull>false</cv:AllowNull>
				<ps:FieldCategory>Category1</ps:FieldCategory>
			</ps:Boolean>
		</ps:CustomValueType>
		<ps:CustomValueType>
			<ps:Text>
				<cv:FieldName>MyCustomField</cv:FieldName>
				<cv:DisplayName>CUSIP2</cv:DisplayName>
				<cv:Description>Another identifier for an issue</cv:Description>
				<cv:UniqueIdentifier>true</cv:UniqueIdentifier>
				<cv:ReadOnly>false</cv:ReadOnly>
				<cv:AllowNull>true</cv:AllowNull>
				<cv:CustomLookupType>
					<cv:Code>C2</cv:Code>
					<cv:Description>CUSIP2</cv:Description>
				</cv:CustomLookupType>
				<cv:MinLength>0</cv:MinLength>
				<cv:MaxLength>255</cv:MaxLength>
				<ps:FieldCategory>Category2</ps:FieldCategory>
			</ps:Text>
		</ps:CustomValueType>
	</ps:CustomValueTypes>
	<ps:PortfolioSnapshots>
		<ps:PortfolioSnapshot>
			<ps:EntityCode>CDO1</ps:EntityCode>
			<ps:SubEntityCode>Sub001</ps:SubEntityCode>
			<ps:Scope>AP</ps:Scope>
			<ps:AsOfDate>2008-08-13</ps:AsOfDate>
			<ps:DateBasis>STLD</ps:DateBasis>
			<ps:Purpose>GU</ps:Purpose>
			<ps:Description>Snapshot CD01</ps:Description>
			<ps:ReadOnly>false</ps:ReadOnly>
			<ps:Accounts>
				<ps:Account>
					<ps:AccountType>COL</ps:AccountType>
					<ps:AccountNumber>100087</ps:AccountNumber>
					<ps:AccountName>Collection Account</ps:AccountName>
					<ps:AccountAlias>COLUSD</ps:AccountAlias>
					<ps:CurrencyDenominated>USD</ps:CurrencyDenominated>
					<ps:CashDateBasis>
						<ps:Currency>USD</ps:Currency>
						<ps:PrincipalProceeds>2000000.00</ps:PrincipalProceeds>
						<ps:InterestProceeds>2000000.00</ps:InterestProceeds>
						<ps:MiscProceeds>0</ps:MiscProceeds>
					</ps:CashDateBasis>
					<ps:SnapshotDateBasis>
						<ps:Currency>USD</ps:Currency>
						<ps:PrincipalProceeds>2000000.00</ps:PrincipalProceeds>
						<ps:InterestProceeds>2000000.00</ps:InterestProceeds>
						<ps:MiscProceeds>0</ps:MiscProceeds>
					</ps:SnapshotDateBasis>
				</ps:Account>
				<ps:Account>
					<ps:AccountType>COL</ps:AccountType>
					<ps:AccountNumber>20008999</ps:AccountNumber>
					<ps:AccountName>Collection Account - GBP</ps:AccountName>
					<ps:AccountAlias>COLGBP</ps:AccountAlias>
					<ps:CurrencyDenominated>GBP</ps:CurrencyDenominated>
					<ps:CashDateBasis>
						<ps:Currency>USD</ps:Currency>
						<ps:PrincipalProceeds>1000000.00</ps:PrincipalProceeds>
						<ps:InterestProceeds>1000000.00</ps:InterestProceeds>
						<ps:MiscProceeds>0</ps:MiscProceeds>
					</ps:CashDateBasis>
					<ps:SnapshotDateBasis>
						<ps:Currency>GBP</ps:Currency>
						<ps:PrincipalProceeds>1000000.00</ps:PrincipalProceeds>
						<ps:InterestProceeds>1000000.00</ps:InterestProceeds>
						<ps:MiscProceeds>0</ps:MiscProceeds>
					</ps:SnapshotDateBasis>
				</ps:Account>
			</ps:Accounts>
			<ps:ExchangeRates>
				<ps:ExchangeRate>
					<ps:EntityCurrency>USD</ps:EntityCurrency>
					<ps:EntityCurrencyExchangeRate>1</ps:EntityCurrencyExchangeRate>
					<ps:NonEntityCurrency>GBP</ps:NonEntityCurrency>
					<ps:NonEntityExchangeRate>0.5</ps:NonEntityExchangeRate>
				</ps:ExchangeRate>
			</ps:ExchangeRates>
			<ps:Assets>
				<ps:Obligor>
					<ps:IssuerName>ABC Investment Corp.</ps:IssuerName>
					<ps:CountryCode>USA</ps:CountryCode>
					<ps:PrincipalPlaceOfBusiness>String</ps:PrincipalPlaceOfBusiness>
					<ps:DateOfIncorporation>2008-08-13</ps:DateOfIncorporation>
					<ps:LegalEntityType>C</ps:LegalEntityType>
					<ps:IndustryType>10</ps:IndustryType>
					<ps:ABSEntityClosingDate>2008-08-13</ps:ABSEntityClosingDate>
					<ps:IsABSIssuer>true</ps:IsABSIssuer>
					<ps:BloombergTicker>ABC</ps:BloombergTicker>
					<ps:CollateralGroup>String</ps:CollateralGroup>
					<ps:CurrentIssuerRatings>
						<rt:FitchDefault>
							<rt:RatingDate>2008-08-13</rt:RatingDate>
							<rt:RatingScope>PUBL</rt:RatingScope>
							<rt:RatingSource>AVG</rt:RatingSource>
							<rt:WatchlistStatus>D</rt:WatchlistStatus>
							<rt:Rating>A</rt:Rating>
						</rt:FitchDefault>
						<rt:FitchSeniorSecured>
							<rt:RatingDate>2008-08-13</rt:RatingDate>
							<rt:RatingScope>PUBL</rt:RatingScope>
							<rt:RatingSource>AVG</rt:RatingSource>
							<rt:WatchlistStatus>D</rt:WatchlistStatus>
							<rt:Rating>A</rt:Rating>
						</rt:FitchSeniorSecured>
						<rt:FitchSubordinated>
							<rt:RatingDate>2008-08-13</rt:RatingDate>
							<rt:RatingScope>PUBL</rt:RatingScope>
							<rt:RatingSource>AVG</rt:RatingSource>
							<rt:WatchlistStatus>D</rt:WatchlistStatus>
							<rt:Rating>A</rt:Rating>
						</rt:FitchSubordinated>
						<rt:FitchSeniorUnsecured>
							<rt:RatingDate>2008-08-13</rt:RatingDate>
							<rt:RatingScope>PUBL</rt:RatingScope>
							<rt:RatingSource>AVG</rt:RatingSource>
							<rt:WatchlistStatus>D</rt:WatchlistStatus>
							<rt:Rating>A</rt:Rating>
						</rt:FitchSeniorUnsecured>
						<rt:FitchLongTerm>
							<rt:RatingDate>2008-08-13</rt:RatingDate>
							<rt:RatingScope>PUBL</rt:RatingScope>
							<rt:RatingSource>AVG</rt:RatingSource>
							<rt:WatchlistStatus>D</rt:WatchlistStatus>
							<rt:Rating>A</rt:Rating>
						</rt:FitchLongTerm>
						<rt:FitchShortTerm>
							<rt:RatingDate>2008-08-13</rt:RatingDate>
							<rt:RatingScope>PUBL</rt:RatingScope>
							<rt:RatingSource>AVG</rt:RatingSource>
							<rt:WatchlistStatus>D</rt:WatchlistStatus>
							<rt:Rating>B</rt:Rating>
						</rt:FitchShortTerm>
						<rt:MoodysProbabilityofDefault>
							<rt:RatingDate>2008-08-13</rt:RatingDate>
							<rt:RatingScope>PUBL</rt:RatingScope>
							<rt:RatingSource>AVG</rt:RatingSource>
							<rt:WatchlistStatus>D</rt:WatchlistStatus>
							<rt:Rating>A1</rt:Rating>
						</rt:MoodysProbabilityofDefault>
						<rt:MoodysCorporateFamily>
							<rt:RatingDate>2008-08-13</rt:RatingDate>
							<rt:RatingScope>PUBL</rt:RatingScope>
							<rt:RatingSource>AVG</rt:RatingSource>
							<rt:WatchlistStatus>D</rt:WatchlistStatus>
							<rt:Rating>A1</rt:Rating>
						</rt:MoodysCorporateFamily>
						<rt:MoodysSeniorSecured>
							<rt:RatingDate>2008-08-13</rt:RatingDate>
							<rt:RatingScope>PUBL</rt:RatingScope>
							<rt:RatingSource>AVG</rt:RatingSource>
							<rt:WatchlistStatus>D</rt:WatchlistStatus>
							<rt:Rating>A1</rt:Rating>
						</rt:MoodysSeniorSecured>
						<rt:MoodysSubordinated>
							<rt:RatingDate>2008-08-13</rt:RatingDate>
							<rt:RatingScope>PUBL</rt:RatingScope>
							<rt:RatingSource>AVG</rt:RatingSource>
							<rt:WatchlistStatus>D</rt:WatchlistStatus>
							<rt:Rating>A1</rt:Rating>
						</rt:MoodysSubordinated>
						<rt:MoodysSeniorUnsecured>
							<rt:RatingDate>2008-08-13</rt:RatingDate>
							<rt:RatingScope>PUBL</rt:RatingScope>
							<rt:RatingSource>AVG</rt:RatingSource>
							<rt:WatchlistStatus>D</rt:WatchlistStatus>
							<rt:Rating>A1</rt:Rating>
						</rt:MoodysSeniorUnsecured>
						<rt:MoodysLongTerm>
							<rt:RatingDate>2008-08-13</rt:RatingDate>
							<rt:RatingScope>PUBL</rt:RatingScope>
							<rt:RatingSource>AVG</rt:RatingSource>
							<rt:WatchlistStatus>D</rt:WatchlistStatus>
							<rt:Rating>A1</rt:Rating>
						</rt:MoodysLongTerm>
						<rt:MoodysShortTerm>
							<rt:RatingDate>2008-08-13</rt:RatingDate>
							<rt:RatingScope>PUBL</rt:RatingScope>
							<rt:RatingSource>AVG</rt:RatingSource>
							<rt:WatchlistStatus>D</rt:WatchlistStatus>
							<rt:Rating>NP</rt:Rating>
						</rt:MoodysShortTerm>
						<rt:StandardPoorCorporateCredit>
							<rt:RatingDate>2008-08-13</rt:RatingDate>
							<rt:RatingScope>PUBL</rt:RatingScope>
							<rt:RatingSource>AVG</rt:RatingSource>
							<rt:WatchlistStatus>D</rt:WatchlistStatus>
							<rt:Rating>A</rt:Rating>
						</rt:StandardPoorCorporateCredit>
						<rt:StandardPoorSeniorSecured>
							<rt:RatingDate>2008-08-13</rt:RatingDate>
							<rt:RatingScope>PUBL</rt:RatingScope>
							<rt:RatingSource>AVG</rt:RatingSource>
							<rt:WatchlistStatus>D</rt:WatchlistStatus>
							<rt:Rating>A</rt:Rating>
						</rt:StandardPoorSeniorSecured>
						<rt:StandardPoorSubordinated>
							<rt:RatingDate>2008-08-13</rt:RatingDate>
							<rt:RatingScope>PUBL</rt:RatingScope>
							<rt:RatingSource>AVG</rt:RatingSource>
							<rt:WatchlistStatus>D</rt:WatchlistStatus>
							<rt:Rating>A</rt:Rating>
						</rt:StandardPoorSubordinated>
						<rt:StandardPoorSeniorUnsecured>
							<rt:RatingDate>2008-08-13</rt:RatingDate>
							<rt:RatingScope>PUBL</rt:RatingScope>
							<rt:RatingSource>AVG</rt:RatingSource>
							<rt:WatchlistStatus>D</rt:WatchlistStatus>
							<rt:Rating>A</rt:Rating>
						</rt:StandardPoorSeniorUnsecured>
						<rt:StandardPoorLongTerm>
							<rt:RatingDate>2008-08-13</rt:RatingDate>
							<rt:RatingScope>PUBL</rt:RatingScope>
							<rt:RatingSource>AVG</rt:RatingSource>
							<rt:WatchlistStatus>D</rt:WatchlistStatus>
							<rt:Rating>A</rt:Rating>
						</rt:StandardPoorLongTerm>
						<rt:StandardPoorShortTerm>
							<rt:RatingDate>2008-08-13</rt:RatingDate>
							<rt:RatingScope>PUBL</rt:RatingScope>
							<rt:RatingSource>AVG</rt:RatingSource>
							<rt:WatchlistStatus>D</rt:WatchlistStatus>
							<rt:Rating>A-1</rt:Rating>
						</rt:StandardPoorShortTerm>
						<rt:InternalRatings>
							<rt:Rating>
								<rt:RatingDate>2008-01-01</rt:RatingDate>
								<rt:RatingScope>PUBL</rt:RatingScope>
								<rt:RatingSource>MISR</rt:RatingSource>
								<rt:WatchlistStatus>U</rt:WatchlistStatus>
								<rt:Rating>05</rt:Rating>
							</rt:Rating>
						</rt:InternalRatings>
					</ps:CurrentIssuerRatings>
					<ps:Industries>
						<ps:FitchIndustry>
							<ps:IndustryName>String</ps:IndustryName>
							<ps:IndustryNumber>0</ps:IndustryNumber>
						</ps:FitchIndustry>
						<ps:MoodysIndustry>
							<ps:IndustryName>String</ps:IndustryName>
							<ps:IndustryNumber>0</ps:IndustryNumber>
						</ps:MoodysIndustry>
						<ps:StandardPoorIndustry>
							<ps:IndustryName>String</ps:IndustryName>
							<ps:IndustryNumber>0</ps:IndustryNumber>
						</ps:StandardPoorIndustry>
						<ps:StandardPoorMonitorIndustry>
							<ps:IndustryName>String</ps:IndustryName>
							<ps:IndustryNumber>0</ps:IndustryNumber>
						</ps:StandardPoorMonitorIndustry>
						<ps:StandardPoorAlternateIndustry>
							<ps:IndustryName>String</ps:IndustryName>
							<ps:IndustryNumber>0</ps:IndustryNumber>
						</ps:StandardPoorAlternateIndustry>
					</ps:Industries>
					<ps:Regions>
						<ps:FitchRegion>String</ps:FitchRegion>
						<ps:MoodysRegion>String</ps:MoodysRegion>
						<ps:StandardPoorRegion>String</ps:StandardPoorRegion>
					</ps:Regions>
					<ps:Issuers>
						<ps:Issuer>
							<ps:IssuerName>ABC Investment Corp.</ps:IssuerName>
							<ps:CountryCode>USA</ps:CountryCode>
							<ps:PrincipalPlaceOfBusiness>String</ps:PrincipalPlaceOfBusiness>
							<ps:DateOfIncorporation>2008-08-13</ps:DateOfIncorporation>
							<ps:LegalEntityType>C</ps:LegalEntityType>
							<ps:IndustryType>10</ps:IndustryType>
							<ps:ABSEntityClosingDate>2008-08-13</ps:ABSEntityClosingDate>
							<ps:IsABSIssuer>true</ps:IsABSIssuer>
							<ps:BloombergTicker>String</ps:BloombergTicker>
							<ps:CollateralGroup>String</ps:CollateralGroup>
							<ps:CurrentIssuerRatings>
								<rt:FitchDefault>
									<rt:RatingDate>2008-08-13</rt:RatingDate>
									<rt:RatingScope>PUBL</rt:RatingScope>
									<rt:RatingSource>AVG</rt:RatingSource>
									<rt:WatchlistStatus>D</rt:WatchlistStatus>
									<rt:Rating>A</rt:Rating>
								</rt:FitchDefault>
								<rt:FitchSeniorSecured>
									<rt:RatingDate>2008-08-13</rt:RatingDate>
									<rt:RatingScope>PUBL</rt:RatingScope>
									<rt:RatingSource>AVG</rt:RatingSource>
									<rt:WatchlistStatus>D</rt:WatchlistStatus>
									<rt:Rating>A</rt:Rating>
								</rt:FitchSeniorSecured>
								<rt:FitchSubordinated>
									<rt:RatingDate>2008-08-13</rt:RatingDate>
									<rt:RatingScope>PUBL</rt:RatingScope>
									<rt:RatingSource>AVG</rt:RatingSource>
									<rt:WatchlistStatus>D</rt:WatchlistStatus>
									<rt:Rating>A</rt:Rating>
								</rt:FitchSubordinated>
								<rt:FitchSeniorUnsecured>
									<rt:RatingDate>2008-08-13</rt:RatingDate>
									<rt:RatingScope>PUBL</rt:RatingScope>
									<rt:RatingSource>AVG</rt:RatingSource>
									<rt:WatchlistStatus>D</rt:WatchlistStatus>
									<rt:Rating>A</rt:Rating>
								</rt:FitchSeniorUnsecured>
								<rt:FitchLongTerm>
									<rt:RatingDate>2008-08-13</rt:RatingDate>
									<rt:RatingScope>PUBL</rt:RatingScope>
									<rt:RatingSource>AVG</rt:RatingSource>
									<rt:WatchlistStatus>D</rt:WatchlistStatus>
									<rt:Rating>A</rt:Rating>
								</rt:FitchLongTerm>
								<rt:FitchShortTerm>
									<rt:RatingDate>2008-08-13</rt:RatingDate>
									<rt:RatingScope>PUBL</rt:RatingScope>
									<rt:RatingSource>AVG</rt:RatingSource>
									<rt:WatchlistStatus>D</rt:WatchlistStatus>
									<rt:Rating>B</rt:Rating>
								</rt:FitchShortTerm>
								<rt:MoodysProbabilityofDefault>
									<rt:RatingDate>2008-08-13</rt:RatingDate>
									<rt:RatingScope>PUBL</rt:RatingScope>
									<rt:RatingSource>AVG</rt:RatingSource>
									<rt:WatchlistStatus>D</rt:WatchlistStatus>
									<rt:Rating>A1</rt:Rating>
								</rt:MoodysProbabilityofDefault>
								<rt:MoodysCorporateFamily>
									<rt:RatingDate>2008-08-13</rt:RatingDate>
									<rt:RatingScope>PUBL</rt:RatingScope>
									<rt:RatingSource>AVG</rt:RatingSource>
									<rt:WatchlistStatus>D</rt:WatchlistStatus>
									<rt:Rating>A1</rt:Rating>
								</rt:MoodysCorporateFamily>
								<rt:MoodysSeniorSecured>
									<rt:RatingDate>2008-08-13</rt:RatingDate>
									<rt:RatingScope>PUBL</rt:RatingScope>
									<rt:RatingSource>AVG</rt:RatingSource>
									<rt:WatchlistStatus>D</rt:WatchlistStatus>
									<rt:Rating>A1</rt:Rating>
								</rt:MoodysSeniorSecured>
								<rt:MoodysSubordinated>
									<rt:RatingDate>2008-08-13</rt:RatingDate>
									<rt:RatingScope>PUBL</rt:RatingScope>
									<rt:RatingSource>AVG</rt:RatingSource>
									<rt:WatchlistStatus>D</rt:WatchlistStatus>
									<rt:Rating>A1</rt:Rating>
								</rt:MoodysSubordinated>
								<rt:MoodysSeniorUnsecured>
									<rt:RatingDate>2008-08-13</rt:RatingDate>
									<rt:RatingScope>PUBL</rt:RatingScope>
									<rt:RatingSource>AVG</rt:RatingSource>
									<rt:WatchlistStatus>D</rt:WatchlistStatus>
									<rt:Rating>A1</rt:Rating>
								</rt:MoodysSeniorUnsecured>
								<rt:MoodysLongTerm>
									<rt:RatingDate>2008-08-13</rt:RatingDate>
									<rt:RatingScope>PUBL</rt:RatingScope>
									<rt:RatingSource>AVG</rt:RatingSource>
									<rt:WatchlistStatus>D</rt:WatchlistStatus>
									<rt:Rating>A1</rt:Rating>
								</rt:MoodysLongTerm>
								<rt:MoodysShortTerm>
									<rt:RatingDate>2008-08-13</rt:RatingDate>
									<rt:RatingScope>PUBL</rt:RatingScope>
									<rt:RatingSource>AVG</rt:RatingSource>
									<rt:WatchlistStatus>D</rt:WatchlistStatus>
									<rt:Rating>NP</rt:Rating>
								</rt:MoodysShortTerm>
								<rt:StandardPoorCorporateCredit>
									<rt:RatingDate>2008-08-13</rt:RatingDate>
									<rt:RatingScope>PUBL</rt:RatingScope>
									<rt:RatingSource>AVG</rt:RatingSource>
									<rt:WatchlistStatus>D</rt:WatchlistStatus>
									<rt:Rating>A</rt:Rating>
								</rt:StandardPoorCorporateCredit>
								<rt:StandardPoorSeniorSecured>
									<rt:RatingDate>2008-08-13</rt:RatingDate>
									<rt:RatingScope>PUBL</rt:RatingScope>
									<rt:RatingSource>AVG</rt:RatingSource>
									<rt:WatchlistStatus>D</rt:WatchlistStatus>
									<rt:Rating>A</rt:Rating>
								</rt:StandardPoorSeniorSecured>
								<rt:StandardPoorSubordinated>
									<rt:RatingDate>2008-08-13</rt:RatingDate>
									<rt:RatingScope>PUBL</rt:RatingScope>
									<rt:RatingSource>AVG</rt:RatingSource>
									<rt:WatchlistStatus>D</rt:WatchlistStatus>
									<rt:Rating>A</rt:Rating>
								</rt:StandardPoorSubordinated>
								<rt:StandardPoorSeniorUnsecured>
									<rt:RatingDate>2008-08-13</rt:RatingDate>
									<rt:RatingScope>PUBL</rt:RatingScope>
									<rt:RatingSource>AVG</rt:RatingSource>
									<rt:WatchlistStatus>D</rt:WatchlistStatus>
									<rt:Rating>A</rt:Rating>
								</rt:StandardPoorSeniorUnsecured>
								<rt:StandardPoorLongTerm>
									<rt:RatingDate>2008-08-13</rt:RatingDate>
									<rt:RatingScope>PUBL</rt:RatingScope>
									<rt:RatingSource>AVG</rt:RatingSource>
									<rt:WatchlistStatus>D</rt:WatchlistStatus>
									<rt:Rating>A</rt:Rating>
								</rt:StandardPoorLongTerm>
								<rt:StandardPoorShortTerm>
									<rt:RatingDate>2008-08-13</rt:RatingDate>
									<rt:RatingScope>PUBL</rt:RatingScope>
									<rt:RatingSource>AVG</rt:RatingSource>
									<rt:WatchlistStatus>D</rt:WatchlistStatus>
									<rt:Rating>A-1</rt:Rating>
								</rt:StandardPoorShortTerm>
								<rt:InternalRatings>
									<rt:Rating>
										<rt:RatingDate>2008-01-01</rt:RatingDate>
										<rt:RatingScope>PUBL</rt:RatingScope>
										<rt:RatingSource>MISR</rt:RatingSource>
										<rt:WatchlistStatus>U</rt:WatchlistStatus>
										<rt:Rating>05</rt:Rating>
									</rt:Rating>
								</rt:InternalRatings>
							</ps:CurrentIssuerRatings>
							<ps:Industries>
								<ps:FitchIndustry>
									<ps:IndustryName>String</ps:IndustryName>
									<ps:IndustryNumber>0</ps:IndustryNumber>
								</ps:FitchIndustry>
								<ps:MoodysIndustry>
									<ps:IndustryName>String</ps:IndustryName>
									<ps:IndustryNumber>0</ps:IndustryNumber>
								</ps:MoodysIndustry>
								<ps:StandardPoorIndustry>
									<ps:IndustryName>String</ps:IndustryName>
									<ps:IndustryNumber>0</ps:IndustryNumber>
								</ps:StandardPoorIndustry>
								<ps:StandardPoorMonitorIndustry>
									<ps:IndustryName>String</ps:IndustryName>
									<ps:IndustryNumber>0</ps:IndustryNumber>
								</ps:StandardPoorMonitorIndustry>
								<ps:StandardPoorAlternateIndustry>
									<ps:IndustryName>String</ps:IndustryName>
									<ps:IndustryNumber>0</ps:IndustryNumber>
								</ps:StandardPoorAlternateIndustry>
							</ps:Industries>
							<ps:Regions>
								<ps:FitchRegion>String</ps:FitchRegion>
								<ps:MoodysRegion>String</ps:MoodysRegion>
								<ps:StandardPoorRegion>String</ps:StandardPoorRegion>
							</ps:Regions>
							<ps:Issues>
								<ps:Issue>
									<ps:AssetBackedSecurity>
										<ps:IssueName>ABS Security</ps:IssueName>
										<ps:CUSIP>000000DD8</ps:CUSIP>
										<ps:IssueDate>2008-01-01</ps:IssueDate>
										<ps:MaturityDate>2013-08-01</ps:MaturityDate>
										<ps:ISIN>XS0102534624</ps:ISIN>
										<ps:Restricted>false</ps:Restricted>
										<ps:SECStatus>P</ps:SECStatus>
										<ps:CurrencyCode>USD</ps:CurrencyCode>
										<ps:ThirdPartyPut>false</ps:ThirdPartyPut>
										<ps:AssetTypeFitch>ABS</ps:AssetTypeFitch>
										<ps:AssetTypeMoodys>ABSO</ps:AssetTypeMoodys>
										<ps:AssetTypeStandardPoors>COMF</ps:AssetTypeStandardPoors>
										<ps:CustomValues>
											<ps:CustomValue>
												<cv:FieldName>String</cv:FieldName>
												<cv:Boolean>true</cv:Boolean>
											</ps:CustomValue>
										</ps:CustomValues>
										<ps:CurrentIssueRatings>
											<rt:FitchLongTerm>
												<rt:RatingDate>2008-08-13</rt:RatingDate>
												<rt:RatingScope>PUBL</rt:RatingScope>
												<rt:RatingSource>AVG</rt:RatingSource>
												<rt:WatchlistStatus>D</rt:WatchlistStatus>
												<rt:Rating>A</rt:Rating>
											</rt:FitchLongTerm>
											<rt:FitchShortTerm>
												<rt:RatingDate>2008-08-13</rt:RatingDate>
												<rt:RatingScope>PUBL</rt:RatingScope>
												<rt:RatingSource>AVG</rt:RatingSource>
												<rt:WatchlistStatus>D</rt:WatchlistStatus>
												<rt:Rating>B</rt:Rating>
											</rt:FitchShortTerm>
											<rt:FitchRecoveryRating>
												<rt:RatingDate>2008-08-13</rt:RatingDate>
												<rt:RatingScope>PUBL</rt:RatingScope>
												<rt:RatingSource>AVG</rt:RatingSource>
												<rt:WatchlistStatus>D</rt:WatchlistStatus>
												<rt:Rating>NR</rt:Rating>
											</rt:FitchRecoveryRating>
											<rt:MoodysLongTerm>
												<rt:RatingDate>2008-08-13</rt:RatingDate>
												<rt:RatingScope>PUBL</rt:RatingScope>
												<rt:RatingSource>AVG</rt:RatingSource>
												<rt:WatchlistStatus>D</rt:WatchlistStatus>
												<rt:Rating>A1</rt:Rating>
											</rt:MoodysLongTerm>
											<rt:MoodysShortTerm>
												<rt:RatingDate>2008-08-13</rt:RatingDate>
												<rt:RatingScope>PUBL</rt:RatingScope>
												<rt:RatingSource>AVG</rt:RatingSource>
												<rt:WatchlistStatus>D</rt:WatchlistStatus>
												<rt:Rating>NP</rt:Rating>
											</rt:MoodysShortTerm>
											<rt:MoodysLossGivenDefault>
												<rt:RatingDate>2008-08-13</rt:RatingDate>
												<rt:RatingScope>PUBL</rt:RatingScope>
												<rt:RatingSource>AVG</rt:RatingSource>
												<rt:WatchlistStatus>D</rt:WatchlistStatus>
												<rt:Rating>LGD1</rt:Rating>
											</rt:MoodysLossGivenDefault>
											<rt:StandardPoorLongTerm>
												<rt:RatingDate>2008-08-13</rt:RatingDate>
												<rt:RatingScope>PUBL</rt:RatingScope>
												<rt:RatingSource>AVG</rt:RatingSource>
												<rt:WatchlistStatus>D</rt:WatchlistStatus>
												<rt:Rating>A</rt:Rating>
											</rt:StandardPoorLongTerm>
											<rt:StandardPoorShortTerm>
												<rt:RatingDate>2008-08-13</rt:RatingDate>
												<rt:RatingScope>PUBL</rt:RatingScope>
												<rt:RatingSource>AVG</rt:RatingSource>
												<rt:WatchlistStatus>D</rt:WatchlistStatus>
												<rt:Rating>A-1</rt:Rating>
											</rt:StandardPoorShortTerm>
											<rt:StandardPoorRecoveryRating>
												<rt:RatingDate>2008-08-13</rt:RatingDate>
												<rt:RatingScope>PUBL</rt:RatingScope>
												<rt:RatingSource>AVG</rt:RatingSource>
												<rt:WatchlistStatus>D</rt:WatchlistStatus>
												<rt:Rating>1</rt:Rating>
											</rt:StandardPoorRecoveryRating>
										</ps:CurrentIssueRatings>
										<ps:RatingsAtIssuance>
											<rt:FitchLongTerm>
												<rt:RatingDate>2008-08-13</rt:RatingDate>
												<rt:RatingScope>PUBL</rt:RatingScope>
												<rt:RatingSource>AVG</rt:RatingSource>
												<rt:WatchlistStatus>D</rt:WatchlistStatus>
												<rt:Rating>A</rt:Rating>
											</rt:FitchLongTerm>
											<rt:MoodysLongTerm>
												<rt:RatingDate>2008-08-13</rt:RatingDate>
												<rt:RatingScope>PUBL</rt:RatingScope>
												<rt:RatingSource>AVG</rt:RatingSource>
												<rt:WatchlistStatus>D</rt:WatchlistStatus>
												<rt:Rating>A1</rt:Rating>
											</rt:MoodysLongTerm>
											<rt:StandardPoorLongTerm>
												<rt:RatingDate>2008-08-13</rt:RatingDate>
												<rt:RatingScope>PUBL</rt:RatingScope>
												<rt:RatingSource>AVG</rt:RatingSource>
												<rt:WatchlistStatus>D</rt:WatchlistStatus>
												<rt:Rating>A</rt:Rating>
											</rt:StandardPoorLongTerm>
										</ps:RatingsAtIssuance>
										<ps:RecoveryRates>
											<rt:FitchRecoveryRates>
												<rt:RecoveryRate1>0</rt:RecoveryRate1>
												<rt:RecoveryRate2>0</rt:RecoveryRate2>
												<rt:RecoveryRate3>0</rt:RecoveryRate3>
												<rt:RecoveryRate4>0</rt:RecoveryRate4>
												<rt:RecoveryRate5>0</rt:RecoveryRate5>
												<rt:RecoveryRate6>0</rt:RecoveryRate6>
												<rt:RecoveryRate7>0</rt:RecoveryRate7>
												<rt:RecoveryRate8>0</rt:RecoveryRate8>
												<rt:RecoveryRate9>0</rt:RecoveryRate9>
												<rt:RecoveryRate10>0</rt:RecoveryRate10>
											</rt:FitchRecoveryRates>
											<rt:MoodysRecoveryRates>
												<rt:RecoveryRate1>0</rt:RecoveryRate1>
												<rt:RecoveryRate2>0</rt:RecoveryRate2>
												<rt:RecoveryRate3>0</rt:RecoveryRate3>
												<rt:RecoveryRate4>0</rt:RecoveryRate4>
												<rt:RecoveryRate5>0</rt:RecoveryRate5>
												<rt:RecoveryRate6>0</rt:RecoveryRate6>
												<rt:RecoveryRate7>0</rt:RecoveryRate7>
												<rt:RecoveryRate8>0</rt:RecoveryRate8>
												<rt:RecoveryRate9>0</rt:RecoveryRate9>
												<rt:RecoveryRate10>0</rt:RecoveryRate10>
											</rt:MoodysRecoveryRates>
											<rt:StandardPoorRecoveryRates>
												<rt:RecoveryRate1>0</rt:RecoveryRate1>
												<rt:RecoveryRate2>0</rt:RecoveryRate2>
												<rt:RecoveryRate3>0</rt:RecoveryRate3>
												<rt:RecoveryRate4>0</rt:RecoveryRate4>
												<rt:RecoveryRate5>0</rt:RecoveryRate5>
												<rt:RecoveryRate6>0</rt:RecoveryRate6>
												<rt:RecoveryRate7>0</rt:RecoveryRate7>
												<rt:RecoveryRate8>0</rt:RecoveryRate8>
												<rt:RecoveryRate9>0</rt:RecoveryRate9>
												<rt:RecoveryRate10>0</rt:RecoveryRate10>
											</rt:StandardPoorRecoveryRates>
										</ps:RecoveryRates>
										<ps:CouponType>FL</ps:CouponType>
										<ps:CreditOpinion>
											<ps:CreditOpinionType>CI</ps:CreditOpinionType>
											<ps:DefaultReason>OT</ps:DefaultReason>
										</ps:CreditOpinion>
										<ps:SecurityLevel>SEN</ps:SecurityLevel>
										<ps:PayInKind>true</ps:PayInKind>
										<ps:PayInKindExpDate>2013-08-01</ps:PayInKindExpDate>
										<ps:PaymentInKindStatus>false</ps:PaymentInKindStatus>
										<ps:Defaulted>
											<ps:DefaultDate>2008-11-01</ps:DefaultDate>
											<ps:ReinstatedDate>2008-11-03</ps:ReinstatedDate>
											<ps:DefaultReason>BK</ps:DefaultReason>
										</ps:Defaulted>
										<ps:PricingPercent>
											<rt:PricingType1>.1</rt:PricingType1>
											<rt:PricingType2>.2</rt:PricingType2>
											<rt:PricingType3>.3</rt:PricingType3>
											<rt:PricingType4>.4</rt:PricingType4>
											<rt:PricingType5>.5</rt:PricingType5>
											<rt:PricingType6>.4</rt:PricingType6>
											<rt:PricingType7>.3</rt:PricingType7>
											<rt:PricingType8>.2</rt:PricingType8>
											<rt:PricingType9>.1</rt:PricingType9>
											<rt:PricingType10>.1</rt:PricingType10>
										</ps:PricingPercent>
										<ps:AmoritizationSchedule>
											<ps:Reduction>
												<ps:ReductionDate>2008-12-01</ps:ReductionDate>
												<ps:ReductionPercentage>.01</ps:ReductionPercentage>
											</ps:Reduction>
										</ps:AmoritizationSchedule>
										<ps:PIKInterests>
											<ps:PIKInterest>
												<ps:Description>test</ps:Description>
												<ps:InterestRate>
													<ps:Index>0.02</ps:Index>
													<ps:Spread>.01</ps:Spread>
													<ps:MLACost>0.00</ps:MLACost>
													<ps:AllInRate>0.03</ps:AllInRate>
												</ps:InterestRate>
												<ps:FloatingRateIndex>
													<ps:IndexType>L</ps:IndexType>
													<ps:IndexTenor>M03</ps:IndexTenor>
													<ps:IndexCurrency>USD</ps:IndexCurrency>
												</ps:FloatingRateIndex>
												<ps:AccrualMethod>3E</ps:AccrualMethod>
												<ps:AccrualSchedule>
													<ps:PaymentSchedule>
														<ps:FirstAccrualPeriod>
															<ps:ScheduledBeginDate>2008-08-13</ps:ScheduledBeginDate>
															<ps:AdjustedBeginDate>2008-09-01</ps:AdjustedBeginDate>
															<ps:ScheduledEndDate>2008-09-15</ps:ScheduledEndDate>
															<ps:AdjustedEndDate>2008-09-15</ps:AdjustedEndDate>
															<ps:ScheduledPaymentDate>2008-09-15</ps:ScheduledPaymentDate>
															<ps:AdjustedPaymentDate>2008-09-15</ps:AdjustedPaymentDate>
														</ps:FirstAccrualPeriod>
														<ps:PaymentPeriod>M001</ps:PaymentPeriod>
														<ps:PeriodEndDateMethod>CDM</ps:PeriodEndDateMethod>
														<ps:PeriodEndDateAdjustmentMethod>SAPED</ps:PeriodEndDateAdjustmentMethod>
														<ps:PaymentDateNBDAdjustType>MNBD</ps:PaymentDateNBDAdjustType>
														<ps:PaymentDelayType>CDSAPED</ps:PaymentDelayType>
														<ps:PaymentDelayDays>0</ps:PaymentDelayDays>
													</ps:PaymentSchedule>
												</ps:AccrualSchedule>
												<ps:NotionalFactor>.8</ps:NotionalFactor>
											</ps:PIKInterest>
										</ps:PIKInterests>
										<ps:AnnouncedCall>
											<ps:AnnouncedDate>2008-12-01</ps:AnnouncedDate>
											<ps:CallDate>2009-06-01</ps:CallDate>
											<ps:CallParPercent>.05</ps:CallParPercent>
											<ps:CallPrice>.95</ps:CallPrice>
											<ps:ActionType>IPO</ps:ActionType>
											<ps:Schedule>20090601;20090601;5;95;IPO Clawback Option|</ps:Schedule>
										</ps:AnnouncedCall>
										<ps:OptionalCall>
											<ps:CallDate>2009-06-01</ps:CallDate>
											<ps:CallPrice>.95</ps:CallPrice>
											<ps:Schedule>20090601;.95|</ps:Schedule>
										</ps:OptionalCall>
										<ps:ConvertibleCommodityType>CLO</ps:ConvertibleCommodityType>
										<ps:WrittenDownStatus>
											<ps:IsWrittenDown>false</ps:IsWrittenDown>
											<ps:WrittenDownValue>0</ps:WrittenDownValue>
										</ps:WrittenDownStatus>
										<ps:OfferingAmount>
											<cdo:Amount>1000000</cdo:Amount>
											<cdo:Currency>USD</cdo:Currency>
										</ps:OfferingAmount>
										<ps:CurrentOutstandingAmount>
											<cdo:Amount>1000000</cdo:Amount>
											<cdo:Currency>USD</cdo:Currency>
										</ps:CurrentOutstandingAmount>
										<ps:UnitDeal>false</ps:UnitDeal>
										<ps:DefIntPIKBond>false</ps:DefIntPIKBond>
										<ps:TenderExchOffer>false</ps:TenderExchOffer>
										<ps:OfferInKind>true</ps:OfferInKind>
										<ps:OIKFirstPaymentDate>2008-10-01</ps:OIKFirstPaymentDate>
										<ps:InterestAccrual>
											<ps:Description>Main Accrual</ps:Description>
											<ps:InterestRate>
												<ps:Index>0.02</ps:Index>
												<ps:Spread>.01</ps:Spread>
												<ps:MLACost>0.00</ps:MLACost>
												<ps:AllInRate>0.03</ps:AllInRate>
											</ps:InterestRate>
											<ps:FloatingRateIndex>
												<ps:IndexType>L</ps:IndexType>
												<ps:IndexTenor>M03</ps:IndexTenor>
												<ps:IndexCurrency>USD</ps:IndexCurrency>
											</ps:FloatingRateIndex>
											<ps:AccrualMethod>A0</ps:AccrualMethod>
											<ps:AccrualSchedule>
												<ps:PaymentSchedule>
													<ps:FirstAccrualPeriod>
														<ps:ScheduledBeginDate>2008-08-13</ps:ScheduledBeginDate>
														<ps:AdjustedBeginDate>2008-09-01</ps:AdjustedBeginDate>
														<ps:ScheduledEndDate>2008-09-15</ps:ScheduledEndDate>
														<ps:AdjustedEndDate>2008-09-15</ps:AdjustedEndDate>
														<ps:ScheduledPaymentDate>2008-09-15</ps:ScheduledPaymentDate>
														<ps:AdjustedPaymentDate>2008-09-15</ps:AdjustedPaymentDate>
													</ps:FirstAccrualPeriod>
													<ps:PaymentPeriod>M001</ps:PaymentPeriod>
													<ps:PeriodEndDateMethod>CDM</ps:PeriodEndDateMethod>
													<ps:PeriodEndDateAdjustmentMethod>SAPED</ps:PeriodEndDateAdjustmentMethod>
													<ps:PaymentDateNBDAdjustType>MNBD</ps:PaymentDateNBDAdjustType>
													<ps:PaymentDelayType>CDSAPED</ps:PaymentDelayType>
													<ps:PaymentDelayDays>0</ps:PaymentDelayDays>
												</ps:PaymentSchedule>
											</ps:AccrualSchedule>
										</ps:InterestAccrual>
										<ps:DeferredInterestAccrual>
											<ps:Description>Deferred Interest</ps:Description>
											<ps:InterestRate>
												<ps:Index>0.02</ps:Index>
												<ps:Spread>.01</ps:Spread>
												<ps:MLACost>0.00</ps:MLACost>
												<ps:AllInRate>0.03</ps:AllInRate>
											</ps:InterestRate>
											<ps:FloatingRateIndex>
												<ps:IndexType>L</ps:IndexType>
												<ps:IndexTenor>M03</ps:IndexTenor>
												<ps:IndexCurrency>USD</ps:IndexCurrency>
											</ps:FloatingRateIndex>
											<ps:AccrualMethod>A0</ps:AccrualMethod>
											<ps:AccrualSchedule>
												<ps:PaymentSchedule>
													<ps:FirstAccrualPeriod>
														<ps:ScheduledBeginDate>2008-08-13</ps:ScheduledBeginDate>
														<ps:AdjustedBeginDate>2008-09-01</ps:AdjustedBeginDate>
														<ps:ScheduledEndDate>2008-09-15</ps:ScheduledEndDate>
														<ps:AdjustedEndDate>2008-09-15</ps:AdjustedEndDate>
														<ps:ScheduledPaymentDate>2008-09-15</ps:ScheduledPaymentDate>
														<ps:AdjustedPaymentDate>2008-09-15</ps:AdjustedPaymentDate>
													</ps:FirstAccrualPeriod>
													<ps:PaymentPeriod>M001</ps:PaymentPeriod>
													<ps:PeriodEndDateMethod>CDM</ps:PeriodEndDateMethod>
													<ps:PeriodEndDateAdjustmentMethod>SAPED</ps:PeriodEndDateAdjustmentMethod>
													<ps:PaymentDateNBDAdjustType>MNBD</ps:PaymentDateNBDAdjustType>
													<ps:PaymentDelayType>CDSAPED</ps:PaymentDelayType>
													<ps:PaymentDelayDays>0</ps:PaymentDelayDays>
												</ps:PaymentSchedule>
											</ps:AccrualSchedule>
										</ps:DeferredInterestAccrual>
										<ps:SecurityType>ABS</ps:SecurityType>
										<ps:IssueFactor>1.2</ps:IssueFactor>
										<ps:ABSType>D</ps:ABSType>
										<ps:ABSSpecType>CL</ps:ABSSpecType>
										<ps:FitchABSSector>Commercial ABS</ps:FitchABSSector>
										<ps:FitchABSSubsector>Agriculture Loans (152)</ps:FitchABSSubsector>
										<ps:StandardPoorABSSector>Non-Re-REMIC CMBS</ps:StandardPoorABSSector>
										<ps:StandardPoorABSSubsector>none</ps:StandardPoorABSSubsector>
										<ps:Industries>
											<ps:FitchIndustry>
												<ps:IndustryName>Residential "A"</ps:IndustryName>
												<ps:IndustryNumber>132</ps:IndustryNumber>
											</ps:FitchIndustry>
											<ps:MoodysIndustry>
												<ps:IndustryName>Residential "A"</ps:IndustryName>
												<ps:IndustryNumber>132</ps:IndustryNumber>
											</ps:MoodysIndustry>
											<ps:StandardPoorIndustry>
												<ps:IndustryName>Residential "A"</ps:IndustryName>
												<ps:IndustryNumber>132</ps:IndustryNumber>
											</ps:StandardPoorIndustry>
											<ps:StandardPoorMonitorIndustry>
												<ps:IndustryName>Residential "A"</ps:IndustryName>
												<ps:IndustryNumber>132</ps:IndustryNumber>
											</ps:StandardPoorMonitorIndustry>
											<ps:StandardPoorAlternateIndustry>
												<ps:IndustryName>Residential "A"</ps:IndustryName>
												<ps:IndustryNumber>132</ps:IndustryNumber>
											</ps:StandardPoorAlternateIndustry>
										</ps:Industries>
										<ps:Transferor>
											<ps:BankName>US Bank</ps:BankName>
											<ps:BankNumber>1222222222</ps:BankNumber>
											<ps:CutOffTime>5pm</ps:CutOffTime>
										</ps:Transferor>
										<ps:Guarantor>
											<ps:BankName>National Bank</ps:BankName>
											<ps:BankNumber>78888888888</ps:BankNumber>
											<ps:CutOffTime>n/a</ps:CutOffTime>
										</ps:Guarantor>
										<ps:GuarantorRatings>
											<rt:FitchDefault>
												<rt:RatingDate>2008-08-13</rt:RatingDate>
												<rt:RatingScope>PUBL</rt:RatingScope>
												<rt:RatingSource>AVG</rt:RatingSource>
												<rt:WatchlistStatus>D</rt:WatchlistStatus>
												<rt:Rating>A</rt:Rating>
											</rt:FitchDefault>
											<rt:FitchSeniorSecured>
												<rt:RatingDate>2008-08-13</rt:RatingDate>
												<rt:RatingScope>PUBL</rt:RatingScope>
												<rt:RatingSource>AVG</rt:RatingSource>
												<rt:WatchlistStatus>D</rt:WatchlistStatus>
												<rt:Rating>A</rt:Rating>
											</rt:FitchSeniorSecured>
											<rt:FitchSubordinated>
												<rt:RatingDate>2008-08-13</rt:RatingDate>
												<rt:RatingScope>PUBL</rt:RatingScope>
												<rt:RatingSource>AVG</rt:RatingSource>
												<rt:WatchlistStatus>D</rt:WatchlistStatus>
												<rt:Rating>A</rt:Rating>
											</rt:FitchSubordinated>
											<rt:FitchSeniorUnsecured>
												<rt:RatingDate>2008-08-13</rt:RatingDate>
												<rt:RatingScope>PUBL</rt:RatingScope>
												<rt:RatingSource>AVG</rt:RatingSource>
												<rt:WatchlistStatus>D</rt:WatchlistStatus>
												<rt:Rating>A</rt:Rating>
											</rt:FitchSeniorUnsecured>
											<rt:FitchLongTerm>
												<rt:RatingDate>2008-08-13</rt:RatingDate>
												<rt:RatingScope>PUBL</rt:RatingScope>
												<rt:RatingSource>AVG</rt:RatingSource>
												<rt:WatchlistStatus>D</rt:WatchlistStatus>
												<rt:Rating>A</rt:Rating>
											</rt:FitchLongTerm>
											<rt:FitchShortTerm>
												<rt:RatingDate>2008-08-13</rt:RatingDate>
												<rt:RatingScope>PUBL</rt:RatingScope>
												<rt:RatingSource>AVG</rt:RatingSource>
												<rt:WatchlistStatus>D</rt:WatchlistStatus>
												<rt:Rating>B</rt:Rating>
											</rt:FitchShortTerm>
											<rt:MoodysProbabilityofDefault>
												<rt:RatingDate>2008-08-13</rt:RatingDate>
												<rt:RatingScope>PUBL</rt:RatingScope>
												<rt:RatingSource>AVG</rt:RatingSource>
												<rt:WatchlistStatus>D</rt:WatchlistStatus>
												<rt:Rating>A1</rt:Rating>
											</rt:MoodysProbabilityofDefault>
											<rt:MoodysCorporateFamily>
												<rt:RatingDate>2008-08-13</rt:RatingDate>
												<rt:RatingScope>PUBL</rt:RatingScope>
												<rt:RatingSource>AVG</rt:RatingSource>
												<rt:WatchlistStatus>D</rt:WatchlistStatus>
												<rt:Rating>A1</rt:Rating>
											</rt:MoodysCorporateFamily>
											<rt:MoodysSeniorSecured>
												<rt:RatingDate>2008-08-13</rt:RatingDate>
												<rt:RatingScope>PUBL</rt:RatingScope>
												<rt:RatingSource>AVG</rt:RatingSource>
												<rt:WatchlistStatus>D</rt:WatchlistStatus>
												<rt:Rating>A1</rt:Rating>
											</rt:MoodysSeniorSecured>
											<rt:MoodysSubordinated>
												<rt:RatingDate>2008-08-13</rt:RatingDate>
												<rt:RatingScope>PUBL</rt:RatingScope>
												<rt:RatingSource>AVG</rt:RatingSource>
												<rt:WatchlistStatus>D</rt:WatchlistStatus>
												<rt:Rating>A1</rt:Rating>
											</rt:MoodysSubordinated>
											<rt:MoodysSeniorUnsecured>
												<rt:RatingDate>2008-08-13</rt:RatingDate>
												<rt:RatingScope>PUBL</rt:RatingScope>
												<rt:RatingSource>AVG</rt:RatingSource>
												<rt:WatchlistStatus>D</rt:WatchlistStatus>
												<rt:Rating>A1</rt:Rating>
											</rt:MoodysSeniorUnsecured>
											<rt:MoodysLongTerm>
												<rt:RatingDate>2008-08-13</rt:RatingDate>
												<rt:RatingScope>PUBL</rt:RatingScope>
												<rt:RatingSource>AVG</rt:RatingSource>
												<rt:WatchlistStatus>D</rt:WatchlistStatus>
												<rt:Rating>A1</rt:Rating>
											</rt:MoodysLongTerm>
											<rt:MoodysShortTerm>
												<rt:RatingDate>2008-08-13</rt:RatingDate>
												<rt:RatingScope>PUBL</rt:RatingScope>
												<rt:RatingSource>AVG</rt:RatingSource>
												<rt:WatchlistStatus>D</rt:WatchlistStatus>
												<rt:Rating>NP</rt:Rating>
											</rt:MoodysShortTerm>
											<rt:StandardPoorCorporateCredit>
												<rt:RatingDate>2008-08-13</rt:RatingDate>
												<rt:RatingScope>PUBL</rt:RatingScope>
												<rt:RatingSource>AVG</rt:RatingSource>
												<rt:WatchlistStatus>D</rt:WatchlistStatus>
												<rt:Rating>A</rt:Rating>
											</rt:StandardPoorCorporateCredit>
											<rt:StandardPoorSeniorSecured>
												<rt:RatingDate>2008-08-13</rt:RatingDate>
												<rt:RatingScope>PUBL</rt:RatingScope>
												<rt:RatingSource>AVG</rt:RatingSource>
												<rt:WatchlistStatus>D</rt:WatchlistStatus>
												<rt:Rating>A</rt:Rating>
											</rt:StandardPoorSeniorSecured>
											<rt:StandardPoorSubordinated>
												<rt:RatingDate>2008-08-13</rt:RatingDate>
												<rt:RatingScope>PUBL</rt:RatingScope>
												<rt:RatingSource>AVG</rt:RatingSource>
												<rt:WatchlistStatus>D</rt:WatchlistStatus>
												<rt:Rating>A</rt:Rating>
											</rt:StandardPoorSubordinated>
											<rt:StandardPoorSeniorUnsecured>
												<rt:RatingDate>2008-08-13</rt:RatingDate>
												<rt:RatingScope>PUBL</rt:RatingScope>
												<rt:RatingSource>AVG</rt:RatingSource>
												<rt:WatchlistStatus>D</rt:WatchlistStatus>
												<rt:Rating>A</rt:Rating>
											</rt:StandardPoorSeniorUnsecured>
											<rt:StandardPoorLongTerm>
												<rt:RatingDate>2008-08-13</rt:RatingDate>
												<rt:RatingScope>PUBL</rt:RatingScope>
												<rt:RatingSource>AVG</rt:RatingSource>
												<rt:WatchlistStatus>D</rt:WatchlistStatus>
												<rt:Rating>A</rt:Rating>
											</rt:StandardPoorLongTerm>
											<rt:StandardPoorShortTerm>
												<rt:RatingDate>2008-08-13</rt:RatingDate>
												<rt:RatingScope>PUBL</rt:RatingScope>
												<rt:RatingSource>AVG</rt:RatingSource>
												<rt:WatchlistStatus>D</rt:WatchlistStatus>
												<rt:Rating>A-1</rt:Rating>
											</rt:StandardPoorShortTerm>
											<rt:InternalRatings>
												<rt:Rating>
													<rt:RatingDate>2008-01-01</rt:RatingDate>
													<rt:RatingScope>PUBL</rt:RatingScope>
													<rt:RatingSource>MISR</rt:RatingSource>
													<rt:WatchlistStatus>U</rt:WatchlistStatus>
													<rt:Rating>05</rt:Rating>
												</rt:Rating>
											</rt:InternalRatings>
										</ps:GuarantorRatings>
										<ps:Servicer>
											<ps:ServicerName>National</ps:ServicerName>
											<ps:ServicerType>SS</ps:ServicerType>
											<ps:AllocationPercent>.5</ps:AllocationPercent>
											<ps:QualityRatings>
												<rt:FitchServicer>
													<rt:RatingDate>2008-08-13</rt:RatingDate>
													<rt:RatingScope>PUBL</rt:RatingScope>
													<rt:RatingSource>MISR</rt:RatingSource>
													<rt:WatchlistStatus>U</rt:WatchlistStatus>
													<rt:Rating>CMS1</rt:Rating>
												</rt:FitchServicer>
												<rt:MoodysServicer>
													<rt:RatingDate>2008-08-13</rt:RatingDate>
													<rt:RatingScope>PUBL</rt:RatingScope>
													<rt:RatingSource>MISR</rt:RatingSource>
													<rt:WatchlistStatus>U</rt:WatchlistStatus>
													<rt:Rating>SQ1</rt:Rating>
												</rt:MoodysServicer>
												<rt:StandardPoorServicer>
													<rt:RatingDate>2008-08-13</rt:RatingDate>
													<rt:RatingScope>PUBL</rt:RatingScope>
													<rt:RatingSource>MISR</rt:RatingSource>
													<rt:WatchlistStatus>U</rt:WatchlistStatus>
													<rt:Rating>Average</rt:Rating>
												</rt:StandardPoorServicer>
											</ps:QualityRatings>
											<ps:ServicerRatings>
												<rt:FitchDefault>
													<rt:RatingDate>2008-08-13</rt:RatingDate>
													<rt:RatingScope>PUBL</rt:RatingScope>
													<rt:RatingSource>AVG</rt:RatingSource>
													<rt:WatchlistStatus>D</rt:WatchlistStatus>
													<rt:Rating>A</rt:Rating>
												</rt:FitchDefault>
												<rt:FitchSeniorSecured>
													<rt:RatingDate>2008-08-13</rt:RatingDate>
													<rt:RatingScope>PUBL</rt:RatingScope>
													<rt:RatingSource>AVG</rt:RatingSource>
													<rt:WatchlistStatus>D</rt:WatchlistStatus>
													<rt:Rating>A</rt:Rating>
												</rt:FitchSeniorSecured>
												<rt:FitchSubordinated>
													<rt:RatingDate>2008-08-13</rt:RatingDate>
													<rt:RatingScope>PUBL</rt:RatingScope>
													<rt:RatingSource>AVG</rt:RatingSource>
													<rt:WatchlistStatus>D</rt:WatchlistStatus>
													<rt:Rating>A</rt:Rating>
												</rt:FitchSubordinated>
												<rt:FitchSeniorUnsecured>
													<rt:RatingDate>2008-08-13</rt:RatingDate>
													<rt:RatingScope>PUBL</rt:RatingScope>
													<rt:RatingSource>AVG</rt:RatingSource>
													<rt:WatchlistStatus>D</rt:WatchlistStatus>
													<rt:Rating>A</rt:Rating>
												</rt:FitchSeniorUnsecured>
												<rt:FitchLongTerm>
													<rt:RatingDate>2008-08-13</rt:RatingDate>
													<rt:RatingScope>PUBL</rt:RatingScope>
													<rt:RatingSource>AVG</rt:RatingSource>
													<rt:WatchlistStatus>D</rt:WatchlistStatus>
													<rt:Rating>A</rt:Rating>
												</rt:FitchLongTerm>
												<rt:FitchShortTerm>
													<rt:RatingDate>2008-08-13</rt:RatingDate>
													<rt:RatingScope>PUBL</rt:RatingScope>
													<rt:RatingSource>AVG</rt:RatingSource>
													<rt:WatchlistStatus>D</rt:WatchlistStatus>
													<rt:Rating>B</rt:Rating>
												</rt:FitchShortTerm>
												<rt:MoodysProbabilityofDefault>
													<rt:RatingDate>2008-08-13</rt:RatingDate>
													<rt:RatingScope>PUBL</rt:RatingScope>
													<rt:RatingSource>AVG</rt:RatingSource>
													<rt:WatchlistStatus>D</rt:WatchlistStatus>
													<rt:Rating>A1</rt:Rating>
												</rt:MoodysProbabilityofDefault>
												<rt:MoodysCorporateFamily>
													<rt:RatingDate>2008-08-13</rt:RatingDate>
													<rt:RatingScope>PUBL</rt:RatingScope>
													<rt:RatingSource>AVG</rt:RatingSource>
													<rt:WatchlistStatus>D</rt:WatchlistStatus>
													<rt:Rating>A1</rt:Rating>
												</rt:MoodysCorporateFamily>
												<rt:MoodysSeniorSecured>
													<rt:RatingDate>2008-08-13</rt:RatingDate>
													<rt:RatingScope>PUBL</rt:RatingScope>
													<rt:RatingSource>AVG</rt:RatingSource>
													<rt:WatchlistStatus>D</rt:WatchlistStatus>
													<rt:Rating>A1</rt:Rating>
												</rt:MoodysSeniorSecured>
												<rt:MoodysSubordinated>
													<rt:RatingDate>2008-08-13</rt:RatingDate>
													<rt:RatingScope>PUBL</rt:RatingScope>
													<rt:RatingSource>AVG</rt:RatingSource>
													<rt:WatchlistStatus>D</rt:WatchlistStatus>
													<rt:Rating>A1</rt:Rating>
												</rt:MoodysSubordinated>
												<rt:MoodysSeniorUnsecured>
													<rt:RatingDate>2008-08-13</rt:RatingDate>
													<rt:RatingScope>PUBL</rt:RatingScope>
													<rt:RatingSource>AVG</rt:RatingSource>
													<rt:WatchlistStatus>D</rt:WatchlistStatus>
													<rt:Rating>A1</rt:Rating>
												</rt:MoodysSeniorUnsecured>
												<rt:MoodysLongTerm>
													<rt:RatingDate>2008-08-13</rt:RatingDate>
													<rt:RatingScope>PUBL</rt:RatingScope>
													<rt:RatingSource>AVG</rt:RatingSource>
													<rt:WatchlistStatus>D</rt:WatchlistStatus>
													<rt:Rating>A1</rt:Rating>
												</rt:MoodysLongTerm>
												<rt:MoodysShortTerm>
													<rt:RatingDate>2008-08-13</rt:RatingDate>
													<rt:RatingScope>PUBL</rt:RatingScope>
													<rt:RatingSource>AVG</rt:RatingSource>
													<rt:WatchlistStatus>D</rt:WatchlistStatus>
													<rt:Rating>NP</rt:Rating>
												</rt:MoodysShortTerm>
												<rt:StandardPoorCorporateCredit>
													<rt:RatingDate>2008-08-13</rt:RatingDate>
													<rt:RatingScope>PUBL</rt:RatingScope>
													<rt:RatingSource>AVG</rt:RatingSource>
													<rt:WatchlistStatus>D</rt:WatchlistStatus>
													<rt:Rating>A</rt:Rating>
												</rt:StandardPoorCorporateCredit>
												<rt:StandardPoorSeniorSecured>
													<rt:RatingDate>2008-08-13</rt:RatingDate>
													<rt:RatingScope>PUBL</rt:RatingScope>
													<rt:RatingSource>AVG</rt:RatingSource>
													<rt:WatchlistStatus>D</rt:WatchlistStatus>
													<rt:Rating>A</rt:Rating>
												</rt:StandardPoorSeniorSecured>
												<rt:StandardPoorSubordinated>
													<rt:RatingDate>2008-08-13</rt:RatingDate>
													<rt:RatingScope>PUBL</rt:RatingScope>
													<rt:RatingSource>AVG</rt:RatingSource>
													<rt:WatchlistStatus>D</rt:WatchlistStatus>
													<rt:Rating>A</rt:Rating>
												</rt:StandardPoorSubordinated>
												<rt:StandardPoorSeniorUnsecured>
													<rt:RatingDate>2008-08-13</rt:RatingDate>
													<rt:RatingScope>PUBL</rt:RatingScope>
													<rt:RatingSource>AVG</rt:RatingSource>
													<rt:WatchlistStatus>D</rt:WatchlistStatus>
													<rt:Rating>A</rt:Rating>
												</rt:StandardPoorSeniorUnsecured>
												<rt:StandardPoorLongTerm>
													<rt:RatingDate>2008-08-13</rt:RatingDate>
													<rt:RatingScope>PUBL</rt:RatingScope>
													<rt:RatingSource>AVG</rt:RatingSource>
													<rt:WatchlistStatus>D</rt:WatchlistStatus>
													<rt:Rating>A</rt:Rating>
												</rt:StandardPoorLongTerm>
												<rt:StandardPoorShortTerm>
													<rt:RatingDate>2008-08-13</rt:RatingDate>
													<rt:RatingScope>PUBL</rt:RatingScope>
													<rt:RatingSource>AVG</rt:RatingSource>
													<rt:WatchlistStatus>D</rt:WatchlistStatus>
													<rt:Rating>A-1</rt:Rating>
												</rt:StandardPoorShortTerm>
												<rt:InternalRatings>
													<rt:Rating>
														<rt:RatingDate>2008-01-01</rt:RatingDate>
														<rt:RatingScope>PUBL</rt:RatingScope>
														<rt:RatingSource>MISR</rt:RatingSource>
														<rt:WatchlistStatus>U</rt:WatchlistStatus>
														<rt:Rating>05</rt:Rating>
													</rt:Rating>
												</rt:InternalRatings>
											</ps:ServicerRatings>
										</ps:Servicer>
										<ps:PurchaseLots>
											<ps:PurchaseLot>
												<ps:PositionType>L</ps:PositionType>
												<ps:TradeDate>2008-08-20</ps:TradeDate>
												<ps:SettlementDate>2008-08-25</ps:SettlementDate>
												<ps:PrincipalBalances>
													<ps:PrincipalBalance>
														<ps:Balance>
															<cdo:Amount>100.00</cdo:Amount>
															<cdo:Currency>USD</cdo:Currency>
														</ps:Balance>
														<ps:CalculationMethod>BM1</ps:CalculationMethod>
													</ps:PrincipalBalance>
												</ps:PrincipalBalances>
												<ps:CustomValues>
													<ps:CustomValue>
														<cv:FieldName>CV1</cv:FieldName>
														<cv:Boolean>false</cv:Boolean>
													</ps:CustomValue>
												</ps:CustomValues>
												<ps:Hedge>
													<ps:Counterparty>
														<ps:BankName>Bank Del Planco</ps:BankName>
														<ps:BankNumber>988888888888</ps:BankNumber>
														<ps:CutOffTime>n/a</ps:CutOffTime>
													</ps:Counterparty>
													<ps:HedgeType>CCW</ps:HedgeType>
													<ps:EffectiveDate>2009-01-01</ps:EffectiveDate>
													<ps:TerminationDate>2010-12-31</ps:TerminationDate>
													<ps:ReferenceNumber>x7l98yt</ps:ReferenceNumber>
													<ps:EarlyTerminProvisions>none</ps:EarlyTerminProvisions>
													<ps:ExchPrincipalAtTermination>false</ps:ExchPrincipalAtTermination>
													<ps:HedgeExchangeRate>
														<ps:EntityCurrency>USD</ps:EntityCurrency>
														<ps:EntityCurrencyExchangeRate>.5</ps:EntityCurrencyExchangeRate>
														<ps:NonEntityCurrency>GBP</ps:NonEntityCurrency>
														<ps:NonEntityExchangeRate>2.0</ps:NonEntityExchangeRate>
													</ps:HedgeExchangeRate>
													<ps:PaymentToCounterparty>
														<ps:NotionalAmount>
															<cdo:Amount>50000</cdo:Amount>
															<cdo:Currency>USD</cdo:Currency>
														</ps:NotionalAmount>
														<ps:InitialPaymentAmount>
															<cdo:Amount>1000</cdo:Amount>
															<cdo:Currency>USD</cdo:Currency>
														</ps:InitialPaymentAmount>
														<ps:Accrual>
															<ps:Description>Payment Accrual</ps:Description>
															<ps:InterestRate>
																<ps:Index>0.02</ps:Index>
																<ps:Spread>.01</ps:Spread>
																<ps:MLACost>0.00</ps:MLACost>
																<ps:AllInRate>0.03</ps:AllInRate>
															</ps:InterestRate>
															<ps:FloatingRateIndex>
																<ps:IndexType>L</ps:IndexType>
																<ps:IndexTenor>M03</ps:IndexTenor>
																<ps:IndexCurrency>USD</ps:IndexCurrency>
															</ps:FloatingRateIndex>
															<ps:AccrualMethod>A0</ps:AccrualMethod>
															<ps:AccrualSchedule>
																<ps:AccrualPeriods>
																	<ps:AccrualPeriod>
																		<ps:ScheduledBeginDate>2009-01-01</ps:ScheduledBeginDate>
																		<ps:AdjustedBeginDate>2009-01-05</ps:AdjustedBeginDate>
																		<ps:ScheduledEndDate>2009-12-31</ps:ScheduledEndDate>
																		<ps:AdjustedEndDate>2009-12-01</ps:AdjustedEndDate>
																		<ps:ScheduledPaymentDate>2009-01-15</ps:ScheduledPaymentDate>
																		<ps:AdjustedPaymentDate>2009-01-10</ps:AdjustedPaymentDate>
																	</ps:AccrualPeriod>
																</ps:AccrualPeriods>
															</ps:AccrualSchedule>
														</ps:Accrual>
													</ps:PaymentToCounterparty>
													<ps:PaymentFromCounterparty>
														<ps:NotionalAmount>
															<cdo:Amount>50000</cdo:Amount>
															<cdo:Currency>USD</cdo:Currency>
														</ps:NotionalAmount>
														<ps:InitialPaymentAmount>
															<cdo:Amount>1000</cdo:Amount>
															<cdo:Currency>USD</cdo:Currency>
														</ps:InitialPaymentAmount>
														<ps:Accrual>
															<ps:Description>Payment Accrual</ps:Description>
															<ps:InterestRate>
																<ps:Index>0.02</ps:Index>
																<ps:Spread>.01</ps:Spread>
																<ps:MLACost>0.00</ps:MLACost>
																<ps:AllInRate>0.03</ps:AllInRate>
															</ps:InterestRate>
															<ps:FloatingRateIndex>
																<ps:IndexType>L</ps:IndexType>
																<ps:IndexTenor>M03</ps:IndexTenor>
																<ps:IndexCurrency>USD</ps:IndexCurrency>
															</ps:FloatingRateIndex>
															<ps:AccrualMethod>A0</ps:AccrualMethod>
															<ps:AccrualSchedule>
																<ps:AccrualPeriods>
																	<ps:AccrualPeriod>
																		<ps:ScheduledBeginDate>2009-01-01</ps:ScheduledBeginDate>
																		<ps:AdjustedBeginDate>2009-01-05</ps:AdjustedBeginDate>
																		<ps:ScheduledEndDate>2009-12-31</ps:ScheduledEndDate>
																		<ps:AdjustedEndDate>2009-12-01</ps:AdjustedEndDate>
																		<ps:ScheduledPaymentDate>2009-01-15</ps:ScheduledPaymentDate>
																		<ps:AdjustedPaymentDate>2009-01-10</ps:AdjustedPaymentDate>
																	</ps:AccrualPeriod>
																</ps:AccrualPeriods>
															</ps:AccrualSchedule>
														</ps:Accrual>														
													</ps:PaymentFromCounterparty>
												</ps:Hedge>
												<ps:PurchaseType>A</ps:PurchaseType>
												<ps:ExchangeRate>
													<ps:EntityCurrency>USD</ps:EntityCurrency>
													<ps:EntityCurrencyExchangeRate>.5</ps:EntityCurrencyExchangeRate>
													<ps:NonEntityCurrency>GBP</ps:NonEntityCurrency>
													<ps:NonEntityExchangeRate>2.0</ps:NonEntityExchangeRate>
												</ps:ExchangeRate>
												<ps:DeferredInterestFactor>.01</ps:DeferredInterestFactor>
												<ps:PurchasedPIKFactor>.01</ps:PurchasedPIKFactor>
												<ps:PIKFactorAfterAcquisition>.02</ps:PIKFactorAfterAcquisition>
												<ps:PurchaseAccruedInterestType>SWAI</ps:PurchaseAccruedInterestType>
												<ps:PurchasedAccruedInterest>
													<ps:InterestProceeds>
														<cdo:Amount>2000</cdo:Amount>
														<cdo:Currency>USD</cdo:Currency>
													</ps:InterestProceeds>
													<ps:PrincipalProceeds>
														<cdo:Amount>500</cdo:Amount>
														<cdo:Currency>USD</cdo:Currency>
													</ps:PrincipalProceeds>>
												</ps:PurchasedAccruedInterest>
												<ps:RatingsAtAcquisition>
													<rt:FitchLongTerm>
														<rt:RatingDate>2008-08-13</rt:RatingDate>
														<rt:RatingScope>PUBL</rt:RatingScope>
														<rt:RatingSource>AVG</rt:RatingSource>
														<rt:WatchlistStatus>D</rt:WatchlistStatus>
														<rt:Rating>A+</rt:Rating>
													</rt:FitchLongTerm>
													<rt:FitchShortTerm>
														<rt:RatingDate>2008-08-13</rt:RatingDate>
														<rt:RatingScope>PUBL</rt:RatingScope>
														<rt:RatingSource>AVG</rt:RatingSource>
														<rt:WatchlistStatus>D</rt:WatchlistStatus>
														<rt:Rating>B</rt:Rating>
													</rt:FitchShortTerm>
													<rt:FitchRecoveryRating>
														<rt:RatingDate>2008-08-13</rt:RatingDate>
														<rt:RatingScope>PUBL</rt:RatingScope>
														<rt:RatingSource>AVG</rt:RatingSource>
														<rt:WatchlistStatus>D</rt:WatchlistStatus>
														<rt:Rating>RR2</rt:Rating>
													</rt:FitchRecoveryRating>
													<rt:MoodysLongTerm>
														<rt:RatingDate>2008-08-13</rt:RatingDate>
														<rt:RatingScope>PUBL</rt:RatingScope>
														<rt:RatingSource>AVG</rt:RatingSource>
														<rt:WatchlistStatus>D</rt:WatchlistStatus>
														<rt:Rating>Aa1</rt:Rating>
													</rt:MoodysLongTerm>
													<rt:MoodysShortTerm>
														<rt:RatingDate>2008-08-13</rt:RatingDate>
														<rt:RatingScope>PUBL</rt:RatingScope>
														<rt:RatingSource>AVG</rt:RatingSource>
														<rt:WatchlistStatus>D</rt:WatchlistStatus>
														<rt:Rating>P-1</rt:Rating>
													</rt:MoodysShortTerm>
													<rt:MoodysLossGivenDefault>
														<rt:RatingDate>2008-08-13</rt:RatingDate>
														<rt:RatingScope>PUBL</rt:RatingScope>
														<rt:RatingSource>AVG</rt:RatingSource>
														<rt:WatchlistStatus>D</rt:WatchlistStatus>
														<rt:Rating>LGD4</rt:Rating>
													</rt:MoodysLossGivenDefault>
													<rt:StandardPoorLongTerm>
														<rt:RatingDate>2008-08-13</rt:RatingDate>
														<rt:RatingScope>PUBL</rt:RatingScope>
														<rt:RatingSource>AVG</rt:RatingSource>
														<rt:WatchlistStatus>D</rt:WatchlistStatus>
														<rt:Rating>AA+</rt:Rating>
													</rt:StandardPoorLongTerm>
													<rt:StandardPoorShortTerm>
														<rt:RatingDate>2008-08-13</rt:RatingDate>
														<rt:RatingScope>PUBL</rt:RatingScope>
														<rt:RatingSource>AVG</rt:RatingSource>
														<rt:WatchlistStatus>D</rt:WatchlistStatus>
														<rt:Rating>A-1+</rt:Rating>
													</rt:StandardPoorShortTerm>
													<rt:StandardPoorRecoveryRating>
														<rt:RatingDate>2008-08-13</rt:RatingDate>
														<rt:RatingScope>PUBL</rt:RatingScope>
														<rt:RatingSource>AVG</rt:RatingSource>
														<rt:WatchlistStatus>D</rt:WatchlistStatus>
														<rt:Rating>3</rt:Rating>
													</rt:StandardPoorRecoveryRating>
												</ps:RatingsAtAcquisition>
												<ps:DerviedAcquisitionRatings>
													<rt:FitchLongTerm>
														<rt:RatingDate>2008-08-13</rt:RatingDate>
														<rt:RatingScope>PUBL</rt:RatingScope>
														<rt:RatingSource>AVG</rt:RatingSource>
														<rt:WatchlistStatus>D</rt:WatchlistStatus>
														<rt:Rating>A+</rt:Rating>
													</rt:FitchLongTerm>
													<rt:FitchShortTerm>
														<rt:RatingDate>2008-08-13</rt:RatingDate>
														<rt:RatingScope>PUBL</rt:RatingScope>
														<rt:RatingSource>AVG</rt:RatingSource>
														<rt:WatchlistStatus>D</rt:WatchlistStatus>
														<rt:Rating>B</rt:Rating>
													</rt:FitchShortTerm>
													<rt:FitchRecoveryRating>
														<rt:RatingDate>2008-08-13</rt:RatingDate>
														<rt:RatingScope>PUBL</rt:RatingScope>
														<rt:RatingSource>AVG</rt:RatingSource>
														<rt:WatchlistStatus>D</rt:WatchlistStatus>
														<rt:Rating>RR2</rt:Rating>
													</rt:FitchRecoveryRating>
													<rt:MoodysLongTerm>
														<rt:RatingDate>2008-08-13</rt:RatingDate>
														<rt:RatingScope>PUBL</rt:RatingScope>
														<rt:RatingSource>AVG</rt:RatingSource>
														<rt:WatchlistStatus>D</rt:WatchlistStatus>
														<rt:Rating>Aa1</rt:Rating>
													</rt:MoodysLongTerm>
													<rt:MoodysShortTerm>
														<rt:RatingDate>2008-08-13</rt:RatingDate>
														<rt:RatingScope>PUBL</rt:RatingScope>
														<rt:RatingSource>AVG</rt:RatingSource>
														<rt:WatchlistStatus>D</rt:WatchlistStatus>
														<rt:Rating>P-1</rt:Rating>
													</rt:MoodysShortTerm>
													<rt:MoodysLossGivenDefault>
														<rt:RatingDate>2008-08-13</rt:RatingDate>
														<rt:RatingScope>PUBL</rt:RatingScope>
														<rt:RatingSource>AVG</rt:RatingSource>
														<rt:WatchlistStatus>D</rt:WatchlistStatus>
														<rt:Rating>LGD4</rt:Rating>
													</rt:MoodysLossGivenDefault>
													<rt:StandardPoorLongTerm>
														<rt:RatingDate>2008-08-13</rt:RatingDate>
														<rt:RatingScope>PUBL</rt:RatingScope>
														<rt:RatingSource>AVG</rt:RatingSource>
														<rt:WatchlistStatus>D</rt:WatchlistStatus>
														<rt:Rating>AA+</rt:Rating>
													</rt:StandardPoorLongTerm>
													<rt:StandardPoorShortTerm>
														<rt:RatingDate>2008-08-13</rt:RatingDate>
														<rt:RatingScope>PUBL</rt:RatingScope>
														<rt:RatingSource>AVG</rt:RatingSource>
														<rt:WatchlistStatus>D</rt:WatchlistStatus>
														<rt:Rating>A-1+</rt:Rating>
													</rt:StandardPoorShortTerm>
													<rt:StandardPoorRecoveryRating>
														<rt:RatingDate>2008-08-13</rt:RatingDate>
														<rt:RatingScope>PUBL</rt:RatingScope>
														<rt:RatingSource>AVG</rt:RatingSource>
														<rt:WatchlistStatus>D</rt:WatchlistStatus>
														<rt:Rating>3</rt:Rating>
													</rt:StandardPoorRecoveryRating>
												</ps:DerviedAcquisitionRatings>
												<ps:RecoveryRatesAtAcquisition>
													<rt:FitchRecoveryRates>
														<rt:RecoveryRate1>0</rt:RecoveryRate1>
														<rt:RecoveryRate2>0</rt:RecoveryRate2>
														<rt:RecoveryRate3>0</rt:RecoveryRate3>
														<rt:RecoveryRate4>0</rt:RecoveryRate4>
														<rt:RecoveryRate5>0</rt:RecoveryRate5>
														<rt:RecoveryRate6>0</rt:RecoveryRate6>
														<rt:RecoveryRate7>0</rt:RecoveryRate7>
														<rt:RecoveryRate8>0</rt:RecoveryRate8>
														<rt:RecoveryRate9>0</rt:RecoveryRate9>
														<rt:RecoveryRate10>0</rt:RecoveryRate10>
													</rt:FitchRecoveryRates>
													<rt:MoodysRecoveryRates>
														<rt:RecoveryRate1>0</rt:RecoveryRate1>
														<rt:RecoveryRate2>0</rt:RecoveryRate2>
														<rt:RecoveryRate3>0</rt:RecoveryRate3>
														<rt:RecoveryRate4>0</rt:RecoveryRate4>
														<rt:RecoveryRate5>0</rt:RecoveryRate5>
														<rt:RecoveryRate6>0</rt:RecoveryRate6>
														<rt:RecoveryRate7>0</rt:RecoveryRate7>
														<rt:RecoveryRate8>0</rt:RecoveryRate8>
														<rt:RecoveryRate9>0</rt:RecoveryRate9>
														<rt:RecoveryRate10>0</rt:RecoveryRate10>
													</rt:MoodysRecoveryRates>
													<rt:StandardPoorRecoveryRates>
														<rt:RecoveryRate1>0</rt:RecoveryRate1>
														<rt:RecoveryRate2>0</rt:RecoveryRate2>
														<rt:RecoveryRate3>0</rt:RecoveryRate3>
														<rt:RecoveryRate4>0</rt:RecoveryRate4>
														<rt:RecoveryRate5>0</rt:RecoveryRate5>
														<rt:RecoveryRate6>0</rt:RecoveryRate6>
														<rt:RecoveryRate7>0</rt:RecoveryRate7>
														<rt:RecoveryRate8>0</rt:RecoveryRate8>
														<rt:RecoveryRate9>0</rt:RecoveryRate9>
														<rt:RecoveryRate10>0</rt:RecoveryRate10>
													</rt:StandardPoorRecoveryRates>
												</ps:RecoveryRatesAtAcquisition>
												<ps:SellingInstitutionName>Swiss National</ps:SellingInstitutionName>
												<ps:SellingInstitutionRatings>
													<rt:FitchDefault>
														<rt:RatingDate>2008-08-13</rt:RatingDate>
														<rt:RatingScope>PUBL</rt:RatingScope>
														<rt:RatingSource>AVG</rt:RatingSource>
														<rt:WatchlistStatus>D</rt:WatchlistStatus>
														<rt:Rating>A</rt:Rating>
													</rt:FitchDefault>
													<rt:FitchSeniorSecured>
														<rt:RatingDate>2008-08-13</rt:RatingDate>
														<rt:RatingScope>PUBL</rt:RatingScope>
														<rt:RatingSource>AVG</rt:RatingSource>
														<rt:WatchlistStatus>D</rt:WatchlistStatus>
														<rt:Rating>A</rt:Rating>
													</rt:FitchSeniorSecured>
													<rt:FitchSubordinated>
														<rt:RatingDate>2008-08-13</rt:RatingDate>
														<rt:RatingScope>PUBL</rt:RatingScope>
														<rt:RatingSource>AVG</rt:RatingSource>
														<rt:WatchlistStatus>D</rt:WatchlistStatus>
														<rt:Rating>A</rt:Rating>
													</rt:FitchSubordinated>
													<rt:FitchSeniorUnsecured>
														<rt:RatingDate>2008-08-13</rt:RatingDate>
														<rt:RatingScope>PUBL</rt:RatingScope>
														<rt:RatingSource>AVG</rt:RatingSource>
														<rt:WatchlistStatus>D</rt:WatchlistStatus>
														<rt:Rating>A</rt:Rating>
													</rt:FitchSeniorUnsecured>
													<rt:FitchLongTerm>
														<rt:RatingDate>2008-08-13</rt:RatingDate>
														<rt:RatingScope>PUBL</rt:RatingScope>
														<rt:RatingSource>AVG</rt:RatingSource>
														<rt:WatchlistStatus>D</rt:WatchlistStatus>
														<rt:Rating>A</rt:Rating>
													</rt:FitchLongTerm>
													<rt:FitchShortTerm>
														<rt:RatingDate>2008-08-13</rt:RatingDate>
														<rt:RatingScope>PUBL</rt:RatingScope>
														<rt:RatingSource>AVG</rt:RatingSource>
														<rt:WatchlistStatus>D</rt:WatchlistStatus>
														<rt:Rating>B</rt:Rating>
													</rt:FitchShortTerm>
													<rt:MoodysProbabilityofDefault>
														<rt:RatingDate>2008-08-13</rt:RatingDate>
														<rt:RatingScope>PUBL</rt:RatingScope>
														<rt:RatingSource>AVG</rt:RatingSource>
														<rt:WatchlistStatus>D</rt:WatchlistStatus>
														<rt:Rating>A1</rt:Rating>
													</rt:MoodysProbabilityofDefault>
													<rt:MoodysCorporateFamily>
														<rt:RatingDate>2008-08-13</rt:RatingDate>
														<rt:RatingScope>PUBL</rt:RatingScope>
														<rt:RatingSource>AVG</rt:RatingSource>
														<rt:WatchlistStatus>D</rt:WatchlistStatus>
														<rt:Rating>A1</rt:Rating>
													</rt:MoodysCorporateFamily>
													<rt:MoodysSeniorSecured>
														<rt:RatingDate>2008-08-13</rt:RatingDate>
														<rt:RatingScope>PUBL</rt:RatingScope>
														<rt:RatingSource>AVG</rt:RatingSource>
														<rt:WatchlistStatus>D</rt:WatchlistStatus>
														<rt:Rating>A1</rt:Rating>
													</rt:MoodysSeniorSecured>
													<rt:MoodysSubordinated>
														<rt:RatingDate>2008-08-13</rt:RatingDate>
														<rt:RatingScope>PUBL</rt:RatingScope>
														<rt:RatingSource>AVG</rt:RatingSource>
														<rt:WatchlistStatus>D</rt:WatchlistStatus>
														<rt:Rating>A1</rt:Rating>
													</rt:MoodysSubordinated>
													<rt:MoodysSeniorUnsecured>
														<rt:RatingDate>2008-08-13</rt:RatingDate>
														<rt:RatingScope>PUBL</rt:RatingScope>
														<rt:RatingSource>AVG</rt:RatingSource>
														<rt:WatchlistStatus>D</rt:WatchlistStatus>
														<rt:Rating>A1</rt:Rating>
													</rt:MoodysSeniorUnsecured>
													<rt:MoodysLongTerm>
														<rt:RatingDate>2008-08-13</rt:RatingDate>
														<rt:RatingScope>PUBL</rt:RatingScope>
														<rt:RatingSource>AVG</rt:RatingSource>
														<rt:WatchlistStatus>D</rt:WatchlistStatus>
														<rt:Rating>A1</rt:Rating>
													</rt:MoodysLongTerm>
													<rt:MoodysShortTerm>
														<rt:RatingDate>2008-08-13</rt:RatingDate>
														<rt:RatingScope>PUBL</rt:RatingScope>
														<rt:RatingSource>AVG</rt:RatingSource>
														<rt:WatchlistStatus>D</rt:WatchlistStatus>
														<rt:Rating>NP</rt:Rating>
													</rt:MoodysShortTerm>
													<rt:StandardPoorCorporateCredit>
														<rt:RatingDate>2008-08-13</rt:RatingDate>
														<rt:RatingScope>PUBL</rt:RatingScope>
														<rt:RatingSource>AVG</rt:RatingSource>
														<rt:WatchlistStatus>D</rt:WatchlistStatus>
														<rt:Rating>A</rt:Rating>
													</rt:StandardPoorCorporateCredit>
													<rt:StandardPoorSeniorSecured>
														<rt:RatingDate>2008-08-13</rt:RatingDate>
														<rt:RatingScope>PUBL</rt:RatingScope>
														<rt:RatingSource>AVG</rt:RatingSource>
														<rt:WatchlistStatus>D</rt:WatchlistStatus>
														<rt:Rating>A</rt:Rating>
													</rt:StandardPoorSeniorSecured>
													<rt:StandardPoorSubordinated>
														<rt:RatingDate>2008-08-13</rt:RatingDate>
														<rt:RatingScope>PUBL</rt:RatingScope>
														<rt:RatingSource>AVG</rt:RatingSource>
														<rt:WatchlistStatus>D</rt:WatchlistStatus>
														<rt:Rating>A</rt:Rating>
													</rt:StandardPoorSubordinated>
													<rt:StandardPoorSeniorUnsecured>
														<rt:RatingDate>2008-08-13</rt:RatingDate>
														<rt:RatingScope>PUBL</rt:RatingScope>
														<rt:RatingSource>AVG</rt:RatingSource>
														<rt:WatchlistStatus>D</rt:WatchlistStatus>
														<rt:Rating>A</rt:Rating>
													</rt:StandardPoorSeniorUnsecured>
													<rt:StandardPoorLongTerm>
														<rt:RatingDate>2008-08-13</rt:RatingDate>
														<rt:RatingScope>PUBL</rt:RatingScope>
														<rt:RatingSource>AVG</rt:RatingSource>
														<rt:WatchlistStatus>D</rt:WatchlistStatus>
														<rt:Rating>A</rt:Rating>
													</rt:StandardPoorLongTerm>
													<rt:StandardPoorShortTerm>
														<rt:RatingDate>2008-08-13</rt:RatingDate>
														<rt:RatingScope>PUBL</rt:RatingScope>
														<rt:RatingSource>AVG</rt:RatingSource>
														<rt:WatchlistStatus>D</rt:WatchlistStatus>
														<rt:Rating>A-1</rt:Rating>
													</rt:StandardPoorShortTerm>
													<rt:InternalRatings>
														<rt:Rating>
															<rt:RatingDate>2008-01-01</rt:RatingDate>
															<rt:RatingScope>PUBL</rt:RatingScope>
															<rt:RatingSource>MISR</rt:RatingSource>
															<rt:WatchlistStatus>U</rt:WatchlistStatus>
															<rt:Rating>05</rt:Rating>
														</rt:Rating>
													</rt:InternalRatings>													
												</ps:SellingInstitutionRatings>
												<ps:PurchasePrice>
													<cdo:Amount>1000000</cdo:Amount>
													<cdo:Currency>USD</cdo:Currency>
												</ps:PurchasePrice>
												<ps:CurrentParAmount>
													<cdo:Amount>1000000</cdo:Amount>
													<cdo:Currency>USD</cdo:Currency>
												</ps:CurrentParAmount>
												<ps:CurrentParAmountDealCurrency>
													<cdo:Amount>1000000</cdo:Amount>
													<cdo:Currency>USD</cdo:Currency>													
												</ps:CurrentParAmountDealCurrency>
												<ps:EmbeddedOptionPrice>
													<cdo:Amount>0</cdo:Amount>
													<cdo:Currency>USD</cdo:Currency>
												</ps:EmbeddedOptionPrice>
												<ps:CustodyType>PH</ps:CustodyType>
												<ps:CustodyLocation>Bank</ps:CustodyLocation>
												<ps:YieldToWorst>.01</ps:YieldToWorst>
												<ps:OriginalFaceAmount>
													<cdo:Amount>1000000</cdo:Amount>
													<cdo:Currency>USD</cdo:Currency>													
												</ps:OriginalFaceAmount>
											</ps:PurchaseLot>
										</ps:PurchaseLots>
									</ps:AssetBackedSecurity>
								</ps:Issue>
								<ps:Issue>
									<ps:Bond>
										<ps:IssueName>Bond</ps:IssueName>
										<ps:CustomValues/>
										<ps:CouponType>F</ps:CouponType>
										<ps:PaymentInKindStatus>false</ps:PaymentInKindStatus>
										<ps:PricingPercent>
											<rt:PricingType1>.1</rt:PricingType1>
											<rt:PricingType2>.2</rt:PricingType2>
											<rt:PricingType3>.3</rt:PricingType3>
											<rt:PricingType4>.4</rt:PricingType4>
											<rt:PricingType5>.4</rt:PricingType5>
											<rt:PricingType6>.6</rt:PricingType6>
											<rt:PricingType7>.7</rt:PricingType7>
											<rt:PricingType8>.8</rt:PricingType8>
											<rt:PricingType9>.9</rt:PricingType9>
											<rt:PricingType10>1.0</rt:PricingType10>
										</ps:PricingPercent>
										<ps:AmoritizationSchedule>
											<ps:Reduction>
												<ps:ReductionDate>2008-08-01</ps:ReductionDate>
												<ps:ReductionPercentage>.02</ps:ReductionPercentage>
											</ps:Reduction>
											<ps:Reduction>
												<ps:ReductionDate>2008-09-01</ps:ReductionDate>
												<ps:ReductionPercentage>.02</ps:ReductionPercentage>
											</ps:Reduction>
										</ps:AmoritizationSchedule>
										<ps:PIKInterests/>
										<ps:InterestAccrual>
											<ps:InterestRate>
												<ps:AllInRate>0.05</ps:AllInRate>
											</ps:InterestRate>
											<ps:AccrualMethod>30</ps:AccrualMethod>
											<ps:AccrualSchedule>
												<ps:AccrualPeriods>
													<ps:AccrualPeriod>
														<ps:ScheduledBeginDate>2008-06-01</ps:ScheduledBeginDate>
														<ps:AdjustedBeginDate>2008-06-01</ps:AdjustedBeginDate>
														<ps:ScheduledEndDate>2008-09-01</ps:ScheduledEndDate>
														<ps:AdjustedEndDate>2008-09-01</ps:AdjustedEndDate>
														<ps:ScheduledPaymentDate>2008-09-01</ps:ScheduledPaymentDate>
														<ps:AdjustedPaymentDate>2008-09-02</ps:AdjustedPaymentDate>
													</ps:AccrualPeriod>
												</ps:AccrualPeriods>
											</ps:AccrualSchedule>
										</ps:InterestAccrual>
										<ps:SecurityType>B</ps:SecurityType>
										<ps:BondType>CP</ps:BondType>
										<ps:PurchaseLots>
											<ps:PurchaseLot>
												<ps:PositionType>L</ps:PositionType>
												<ps:TradeDate>2008-08-13</ps:TradeDate>
												<ps:SettlementDate>2008-08-13</ps:SettlementDate>
												<ps:PrincipalBalances/>
												<ps:CustomValues/>
												<ps:PurchaseType>A</ps:PurchaseType>
												<ps:PurchaseAccruedInterestType>POSD</ps:PurchaseAccruedInterestType>
												<ps:PurchasedAccruedInterest>
													<ps:InterestProceeds>
														<cdo:Amount>0</cdo:Amount>
														<cdo:Currency>USD</cdo:Currency>
													</ps:InterestProceeds>
													<ps:PrincipalProceeds>
														<cdo:Amount>15000</cdo:Amount>
														<cdo:Currency>USD</cdo:Currency>
													</ps:PrincipalProceeds>
												</ps:PurchasedAccruedInterest>
												<ps:PurchasePrice>
													<cdo:Amount>1000000</cdo:Amount>
													<cdo:Currency>USD</cdo:Currency>
												</ps:PurchasePrice>
												<ps:CurrentParAmount>
													<cdo:Amount>1000000</cdo:Amount>
													<cdo:Currency>USD</cdo:Currency>
												</ps:CurrentParAmount>
												<ps:CurrentParAmountDealCurrency>
													<cdo:Amount>1000000</cdo:Amount>
													<cdo:Currency>USD</cdo:Currency>
												</ps:CurrentParAmountDealCurrency>
											</ps:PurchaseLot>
										</ps:PurchaseLots>
									</ps:Bond>
								</ps:Issue>
								<ps:Issue>
									<ps:Facility>
										<ps:IssueName>Revolving Facility</ps:IssueName>
										<ps:MaturityDate>2013-08-01</ps:MaturityDate>
										<ps:CustomValues/>
										<ps:CouponType>FL</ps:CouponType>
										<ps:PaymentInKindStatus>false</ps:PaymentInKindStatus>
										<ps:PIKInterests/>
										<ps:FacilityType>RL</ps:FacilityType>
										<ps:Fees>
											<ps:Fee>
												<ps:Description>Commitment</ps:Description>
												<ps:InterestRate>
													<ps:AllInRate>.005</ps:AllInRate>
												</ps:InterestRate>
												<ps:AccrualMethod>A0</ps:AccrualMethod>
												<ps:AccrualSchedule>
													<ps:AccrualPeriods>
														<ps:AccrualPeriod>
															<ps:ScheduledBeginDate>2008-06-01</ps:ScheduledBeginDate>
															<ps:AdjustedBeginDate>2008-06-01</ps:AdjustedBeginDate>
															<ps:ScheduledEndDate>2008-09-01</ps:ScheduledEndDate>
															<ps:AdjustedEndDate>2008-09-01</ps:AdjustedEndDate>
															<ps:ScheduledPaymentDate>2008-09-01</ps:ScheduledPaymentDate>
															<ps:AdjustedPaymentDate>2008-09-01</ps:AdjustedPaymentDate>
														</ps:AccrualPeriod>
													</ps:AccrualPeriods>
												</ps:AccrualSchedule>
												<ps:CommitmentFactor>0.65</ps:CommitmentFactor>
												<ps:FeeType>FC</ps:FeeType>
											</ps:Fee>
										</ps:Fees>
										<ps:Loans>
											<ps:Loan>
												<ps:InterestRate>
													<ps:Index>.015</ps:Index>
													<ps:Spread>.025</ps:Spread>
													<ps:AllInRate>0.04</ps:AllInRate>
												</ps:InterestRate>
												<ps:FloatingRateIndex>
													<ps:IndexType>L</ps:IndexType>
													<ps:IndexTenor>M01</ps:IndexTenor>
													<ps:IndexCurrency>USD</ps:IndexCurrency>
												</ps:FloatingRateIndex>
												<ps:AccrualMethod>A0</ps:AccrualMethod>
												<ps:AccrualSchedule>
													<ps:AccrualPeriods>
														<ps:AccrualPeriod>
															<ps:ScheduledBeginDate>2008-08-01</ps:ScheduledBeginDate>
															<ps:AdjustedBeginDate>2008-08-01</ps:AdjustedBeginDate>
															<ps:ScheduledEndDate>2008-09-01</ps:ScheduledEndDate>
															<ps:AdjustedEndDate>2008-09-02</ps:AdjustedEndDate>
															<ps:ScheduledPaymentDate>2008-09-01</ps:ScheduledPaymentDate>
															<ps:AdjustedPaymentDate>2008-09-02</ps:AdjustedPaymentDate>
														</ps:AccrualPeriod>
													</ps:AccrualPeriods>
												</ps:AccrualSchedule>
												<ps:LoanCode>1ML004</ps:LoanCode>
												<ps:LoanFactor>0.35</ps:LoanFactor>
												<ps:Unfunded>false</ps:Unfunded>
											</ps:Loan>
										</ps:Loans>
										<ps:Spreads>
											<ps:Spread>
												<ps:IndexType>L</ps:IndexType>
												<ps:CurrentSpread>.025</ps:CurrentSpread>
												<ps:AccrualMethod>A0</ps:AccrualMethod>
											</ps:Spread>
										</ps:Spreads>
										<ps:PurchaseLots>
											<ps:PurchaseLot>
												<ps:PositionType>L</ps:PositionType>
												<ps:TradeDate>2008-08-03</ps:TradeDate>
												<ps:SettlementDate>2008-08-13</ps:SettlementDate>
												<ps:PrincipalBalances/>
												<ps:CustomValues/>
												<ps:PurchaseType>A</ps:PurchaseType>
												<ps:PurchaseAccruedInterestType>SWAI</ps:PurchaseAccruedInterestType>
												<ps:PurchasedAccruedInterest>
													<ps:InterestProceeds>
														<cdo:Amount>0</cdo:Amount>
														<cdo:Currency>USD</cdo:Currency>
													</ps:InterestProceeds>
													<ps:PrincipalProceeds>
														<cdo:Amount>1000000</cdo:Amount>
														<cdo:Currency>USD</cdo:Currency>
													</ps:PrincipalProceeds>
												</ps:PurchasedAccruedInterest>
												<ps:CurrentCommitmentAmount>
													<cdo:Amount>1000000</cdo:Amount>
													<cdo:Currency>USD</cdo:Currency>
												</ps:CurrentCommitmentAmount>
												<ps:CurrentFundedAmount>
													<cdo:Amount>350000</cdo:Amount>
													<cdo:Currency>USD</cdo:Currency>
												</ps:CurrentFundedAmount>
												<ps:CurrentUnfundedAmount>
													<cdo:Amount>650000</cdo:Amount>
													<cdo:Currency>USD</cdo:Currency>
												</ps:CurrentUnfundedAmount>
												<ps:CurrentCommitmentAmountDealCurrency>
													<cdo:Amount>650000</cdo:Amount>
													<cdo:Currency>USD</cdo:Currency>
												</ps:CurrentCommitmentAmountDealCurrency>
												<ps:GrossPurchasePrice>1000000</ps:GrossPurchasePrice>
												<ps:EffectivePurchasePrice>110000</ps:EffectivePurchasePrice>
											</ps:PurchaseLot>
										</ps:PurchaseLots>
									</ps:Facility>
								</ps:Issue>
								<ps:Issue>
									<ps:Facility>
										<ps:IssueName>Term Loan B</ps:IssueName>
										<ps:CustomValues/>
										<ps:CouponType>FL</ps:CouponType>
										<ps:PaymentInKindStatus>false</ps:PaymentInKindStatus>
										<ps:PIKInterests/>
										<ps:FacilityType>TL</ps:FacilityType>
										<ps:Fees/>
										<ps:Loans>
											<ps:Loan>
												<ps:InterestRate>
													<ps:Index>.015</ps:Index>
													<ps:Spread>.025</ps:Spread>
													<ps:AllInRate>0.04</ps:AllInRate>
												</ps:InterestRate>
												<ps:FloatingRateIndex>
													<ps:IndexType>L</ps:IndexType>
													<ps:IndexTenor>M01</ps:IndexTenor>
													<ps:IndexCurrency>USD</ps:IndexCurrency>
												</ps:FloatingRateIndex>
												<ps:AccrualMethod>A0</ps:AccrualMethod>
												<ps:AccrualSchedule>
													<ps:AccrualPeriods>
														<ps:AccrualPeriod>
															<ps:ScheduledBeginDate>2008-08-01</ps:ScheduledBeginDate>
															<ps:AdjustedBeginDate>2008-08-01</ps:AdjustedBeginDate>
															<ps:ScheduledEndDate>2008-09-01</ps:ScheduledEndDate>
															<ps:AdjustedEndDate>2008-09-02</ps:AdjustedEndDate>
															<ps:ScheduledPaymentDate>2008-09-01</ps:ScheduledPaymentDate>
															<ps:AdjustedPaymentDate>2008-09-02</ps:AdjustedPaymentDate>
														</ps:AccrualPeriod>
													</ps:AccrualPeriods>
												</ps:AccrualSchedule>
												<ps:LoanCode>1ML004</ps:LoanCode>
												<ps:LoanFactor>0.35</ps:LoanFactor>
												<ps:Unfunded>false</ps:Unfunded>
											</ps:Loan>
											<ps:Loan>
												<ps:InterestRate>
													<ps:Index>.015</ps:Index>
													<ps:Spread>.04</ps:Spread>
													<ps:AllInRate>0.055</ps:AllInRate>
												</ps:InterestRate>
												<ps:FloatingRateIndex>
													<ps:IndexType>P</ps:IndexType>
												</ps:FloatingRateIndex>
												<ps:AccrualMethod>AA</ps:AccrualMethod>
												<ps:AccrualSchedule>
													<ps:AccrualPeriods>
														<ps:AccrualPeriod>
															<ps:ScheduledBeginDate>2008-06-01</ps:ScheduledBeginDate>
															<ps:AdjustedBeginDate>2008-06-01</ps:AdjustedBeginDate>
															<ps:ScheduledEndDate>2008-09-01</ps:ScheduledEndDate>
															<ps:AdjustedEndDate>2008-09-02</ps:AdjustedEndDate>
															<ps:ScheduledPaymentDate>2008-09-01</ps:ScheduledPaymentDate>
															<ps:AdjustedPaymentDate>2008-09-02</ps:AdjustedPaymentDate>
														</ps:AccrualPeriod>
													</ps:AccrualPeriods>
												</ps:AccrualSchedule>
												<ps:LoanCode>PRIME</ps:LoanCode>
												<ps:LoanFactor>0.65</ps:LoanFactor>
												<ps:Unfunded>false</ps:Unfunded>
											</ps:Loan>
										</ps:Loans>
										<ps:Spreads>
											<ps:Spread>
												<ps:IndexType>L</ps:IndexType>
												<ps:CurrentSpread>.025</ps:CurrentSpread>
												<ps:AccrualMethod>A0</ps:AccrualMethod>
											</ps:Spread>
											<ps:Spread>
												<ps:IndexType>P</ps:IndexType>
												<ps:CurrentSpread>.04</ps:CurrentSpread>
												<ps:AccrualMethod>AA</ps:AccrualMethod>
											</ps:Spread>
										</ps:Spreads>
										<ps:PurchaseLots>
											<ps:PurchaseLot>
												<ps:PositionType>L</ps:PositionType>
												<ps:TradeDate>2008-08-03</ps:TradeDate>
												<ps:SettlementDate>2008-08-13</ps:SettlementDate>
												<ps:PrincipalBalances/>
												<ps:CustomValues/>
												<ps:PurchaseType>A</ps:PurchaseType>
												<ps:PurchaseAccruedInterestType>SWAI</ps:PurchaseAccruedInterestType>
												<ps:PurchasedAccruedInterest>
													<ps:InterestProceeds>
														<cdo:Amount>0</cdo:Amount>
														<cdo:Currency>USD</cdo:Currency>
													</ps:InterestProceeds>
													<ps:PrincipalProceeds>
														<cdo:Amount>1000000</cdo:Amount>
														<cdo:Currency>USD</cdo:Currency>
													</ps:PrincipalProceeds>
												</ps:PurchasedAccruedInterest>
												<ps:CurrentCommitmentAmount>
													<cdo:Amount>1000000</cdo:Amount>
													<cdo:Currency>USD</cdo:Currency>
												</ps:CurrentCommitmentAmount>
												<ps:CurrentFundedAmount>
													<cdo:Amount>1000000</cdo:Amount>
													<cdo:Currency>USD</cdo:Currency>
												</ps:CurrentFundedAmount>
												<ps:CurrentUnfundedAmount>
													<cdo:Amount>0</cdo:Amount>
													<cdo:Currency>USD</cdo:Currency>
												</ps:CurrentUnfundedAmount>
												<ps:CurrentCommitmentAmountDealCurrency>
													<cdo:Amount>1000000</cdo:Amount>
													<cdo:Currency>USD</cdo:Currency>
												</ps:CurrentCommitmentAmountDealCurrency>
												<ps:GrossPurchasePrice>1000000</ps:GrossPurchasePrice>
												<ps:EffectivePurchasePrice>9900000</ps:EffectivePurchasePrice>
											</ps:PurchaseLot>
										</ps:PurchaseLots>
									</ps:Facility>
								</ps:Issue>
							</ps:Issues>
						</ps:Issuer>
					</ps:Issuers>
				</ps:Obligor>
			</ps:Assets>
			<ps:Liabilities>
				<ps:Liability>
					<ps:Bond>
						<ps:IssueName>Class A</ps:IssueName>
						<ps:CustomValues/>
						<ps:CouponType>FL</ps:CouponType>
						<ps:CreditOpinion>
							<ps:CreditOpinionType>CI</ps:CreditOpinionType>
						</ps:CreditOpinion>
						<ps:PaymentInKindStatus>false</ps:PaymentInKindStatus>
						<ps:PIKInterests/>
						<ps:WrittenDownStatus>
							<ps:IsWrittenDown>false</ps:IsWrittenDown>
							<ps:WrittenDownValue>0</ps:WrittenDownValue>
						</ps:WrittenDownStatus>
						<ps:InterestAccrual>
							<ps:InterestRate>
								<ps:Index>.015</ps:Index>
								<ps:Spread>.03</ps:Spread>
								<ps:AllInRate>0.045</ps:AllInRate>
							</ps:InterestRate>
							<ps:FloatingRateIndex>
								<ps:IndexType>L</ps:IndexType>
							</ps:FloatingRateIndex>
							<ps:AccrualMethod>A0</ps:AccrualMethod>
							<ps:AccrualSchedule>
								<ps:AccrualPeriods>
									<ps:AccrualPeriod>
										<ps:ScheduledBeginDate>2008-06-15</ps:ScheduledBeginDate>
										<ps:AdjustedBeginDate>2008-06-15</ps:AdjustedBeginDate>
										<ps:ScheduledEndDate>2008-09-15</ps:ScheduledEndDate>
										<ps:AdjustedEndDate>2008-09-15</ps:AdjustedEndDate>
										<ps:ScheduledPaymentDate>2008-09-15</ps:ScheduledPaymentDate>
										<ps:AdjustedPaymentDate>2008-09-15</ps:AdjustedPaymentDate>
									</ps:AccrualPeriod>
								</ps:AccrualPeriods>
							</ps:AccrualSchedule>
						</ps:InterestAccrual>
						<ps:SecurityType>B</ps:SecurityType>
						<ps:BondType>ABS</ps:BondType>
						<ps:PurchaseLots>
							<ps:PurchaseLot>
								<ps:PositionType>L</ps:PositionType>
								<ps:TradeDate>2008-03-15</ps:TradeDate>
								<ps:SettlementDate>2008-03-15</ps:SettlementDate>
								<ps:PrincipalBalances/>
								<ps:CustomValues/>
								<ps:PurchaseAccruedInterestType>SWAI</ps:PurchaseAccruedInterestType>
								<ps:PurchasedAccruedInterest>
									<ps:InterestProceeds>
										<cdo:Amount>0</cdo:Amount>
										<cdo:Currency>USD</cdo:Currency>
									</ps:InterestProceeds>
									<ps:PrincipalProceeds>
										<cdo:Amount>0</cdo:Amount>
										<cdo:Currency>USD</cdo:Currency>
									</ps:PrincipalProceeds>
								</ps:PurchasedAccruedInterest>
								<ps:PurchasePrice>
									<cdo:Amount>100000000</cdo:Amount>
									<cdo:Currency>USD</cdo:Currency>
								</ps:PurchasePrice>
								<ps:CurrentParAmount>
									<cdo:Amount>100000000</cdo:Amount>
									<cdo:Currency>USD</cdo:Currency>
								</ps:CurrentParAmount>
								<ps:CurrentParAmountDealCurrency>
									<cdo:Amount>100000000</cdo:Amount>
									<cdo:Currency>USD</cdo:Currency>
								</ps:CurrentParAmountDealCurrency>
							</ps:PurchaseLot>
						</ps:PurchaseLots>
					</ps:Bond>
				</ps:Liability>
			</ps:Liabilities>
		</ps:PortfolioSnapshot>
	</ps:PortfolioSnapshots>
</ps:Root>
